county_name,cbp_small_biz_count,crunchbase_count,state_abbv,pop_est_2013,state_name,crunchbase_per_capita,cbp_per_capita,land_area_sqmile,pop_density
Jessamine County,1043,1,KY,50173,Kentucky,1.9931E-05,0.020788073,172.116,291.5068907
Grundy County,1071,1,IL,50228,Illinois,1.99092E-05,0.021322768,418.043,120.1503195
Tioga County,819,2,NY,50243,New York,3.98065E-05,0.016300778,518.602,96.88161635
Dickson County,895,1,NY,50266,Tennessee,1.98942E-05,0.017805276,489.896,102.605451
Loudon County,906,0,TN,50448,Tennessee,0,0.017959087,229.216,220.089348
Curry County,1047,0,NM,50598,New Mexico,0,0.020692517,1404.797,36.01801541
Box Elder County,978,2,UT,50794,Utah,3.93747E-05,0.019254243,5745.551,8.840579433
Cherokee County,776,0,TX,50878,Texas,0,0.015252172,455.426,59.76382552
Coffee County,951,2,AL,50938,Alabama,3.92634E-05,0.018669755,428.957,124.3877591
Grant County,1218,0,WI,51069,Wisconsin,0,0.023850085,681.458,10.68444424
Winona County,1184,4,MN,51232,Minnesota,7.80762E-05,0.023110556,626.206,81.81333299
Lafayette County,1065,2,MS,51318,Mississippi,3.89727E-05,0.020752952,628.433,52.42086269
Hoke County,396,0,NC,51322,North Carolina,0,0.007715989,390.744,131.3443073
Harrisonburg city,1556,5,VA,51395,Virginia,9.72857E-05,0.030275319,17.418,2950.683201
Camden County,791,2,GA,51476,Georgia,3.88531E-05,0.015366384,240.556,42.34772776
Wayne County,1310,0,PA,51548,Pennsylvania,0,0.025413207,759.176,17.65598491
Lyon County,768,1,NV,51557,Nevada,1.9396E-05,0.014896134,213.84,39.52020202
Washington County,1188,0,OK,51577,Oklahoma,0,0.023033523,678.452,30.47525838
Worcester County,2108,0,MD,51620,Maryland,0,0.040836885,1510.77,535.5586886
Franklin County,989,0,NY,51688,New York,0,0.019134035,563.779,14.06756903
Somerset County,1170,7,ME,51706,Maine,0.000135381,0.022627935,1074.374,71.22287025
Cass County,737,0,MI,51910,Michigan,0,0.01419765,375.818,35.45333113
Knox County,1076,1,IL,52078,Illinois,1.9202E-05,0.020661316,504.011,8.069268329
Jefferson County,649,0,TN,52123,Tennessee,0,0.012451317,274.078,190.1757894
Waupaca County,1206,0,WI,52285,Wisconsin,0,0.023065889,747.713,69.92656273
McMinn County,882,0,TN,52341,Tennessee,0,0.016851035,430.125,121.6878814
Watauga County,1560,8,NC,52372,North Carolina,0.000152753,0.029786909,312.556,167.5603732
Darke County,1161,1,OH,52376,Ohio,1.90927E-05,0.022166641,598.1,87.57064036
Elko County,1092,1,NV,52384,Nevada,1.90898E-05,0.02084606,17169.834,3.050932234
Ogle County,1053,0,IL,52385,Illinois,0,0.020101174,758.574,69.0572047
Eagle County,3214,5,CO,52460,Colorado,9.53107E-05,0.061265726,1684.53,31.14221771
Van Zandt County,836,0,TX,52481,Texas,0,0.015929575,842.557,62.287774
Vernon Parish,726,0,LA,52606,Louisiana,0,0.013800707,1327.91,39.6156366
Henry County,832,0,VA,52617,Virginia,0,0.01581238,322.127,655.4185151
St. Charles Parish,938,0,LA,52617,Louisiana,0,0.017826938,279.083,188.5353103
Hood County,1211,0,TX,52905,Texas,0,0.022890086,420.641,125.7723332
St. Martin Parish,954,2,LA,52936,Louisiana,3.77815E-05,0.018021762,737.648,71.76322582
Jackson County,853,0,AL,52951,Alabama,0,0.016109233,490.755,83.37969048
Ashland County,1024,0,OH,53043,Ohio,0,0.019305092,422.95,125.4119872
Roane County,717,0,TN,53047,Tennessee,0,0.013516316,360.708,147.0635528
Gila County,1012,4,AZ,53053,Arizona,7.53963E-05,0.019075264,4757.933,11.15043024
La Plata County,2293,7,CO,53284,Colorado,0.000131372,0.043033556,1692.078,31.49027409
Union County,996,53,OH,53306,Ohio,0.00099426,0.018684576,342.849,43.83562443
Coffee County,1206,21,TN,53357,Tennessee,0.000393575,0.02260247,678.972,75.0222395
Halifax County,991,0,NC,53453,North Carolina,0,0.018539652,724.086,73.82134166
St. Mary Parish,1311,0,LA,53543,Louisiana,0,0.024484993,555.379,96.40803847
Taney County,1752,3,MO,53575,Missouri,5.59963E-05,0.03270182,632.436,84.71212897
Rusk County,834,0,TX,53622,Texas,0,0.015553318,913.585,15.75660721
Grady County,1101,0,OK,53685,Oklahoma,0,0.020508522,1100.497,48.78250463
Coles County,1184,1,IL,53697,Illinois,1.8623E-05,0.022049649,508.291,105.6422404
Pulaski County,709,0,MO,53748,Missouri,0,0.013191189,199.185,29.66086804
Chisago County,1200,0,MN,53761,Minnesota,0,0.022321013,414.862,129.5876701
Lincoln County,896,1,MO,53860,Missouri,1.85667E-05,0.016635722,561.517,24.98766734
Tuolumne County,1287,10,CA,53874,California,0.000185618,0.023889075,2220.884,24.25790811
Venango County,1203,0,PA,53907,Pennsylvania,0,0.022316211,674.284,79.94702529
Boone County,844,0,IL,53957,Illinois,0,0.015642085,280.719,192.2100036
Carson City,1934,10,NV,54080,Nevada,0.000184911,0.035761834,144.662,373.836944
Tuscola County,854,0,MI,54263,Michigan,0,0.015738164,803.127,67.56465665
Effingham County,672,0,GA,54456,Georgia,0,0.012340238,477.7,113.9962319
Colbert County,1222,3,AL,54520,Alabama,5.50257E-05,0.022413793,592.619,91.99840032
Johnson County,915,0,MO,54572,Missouri,0,0.01676684,343.915,36.86085225
Fulton County,1180,0,NY,54586,New York,0,0.021617265,495.469,110.1703638
Hancock County,2189,10,ME,54845,Maine,0.000182332,0.039912481,1586.893,34.56124641
Washington County,1170,2,VA,54907,Virginia,3.64252E-05,0.021308758,457.78,326.7683167
Pearl River County,808,1,MS,55072,Mississippi,1.8158E-05,0.014671702,810.863,67.91776169
Jefferson County,824,2,WV,55073,West Virginia,3.63154E-05,0.01496196,360.631,90.00335523
Campbell County,1154,0,VA,55235,Virginia,0,0.02089255,503.867,109.622182
Autauga County,816,0,AL,55246,Alabama,0,0.0147703,594.436,92.93851651
Pender County,950,0,NC,55334,North Carolina,0,0.017168468,869.795,63.61728913
Hardin County,805,1,TX,55417,Texas,1.8045E-05,0.014526228,470.405,67.26331565
Eddy County,1333,0,NM,55471,New Mexico,0,0.024030575,630.171,3.81483756
Edgecombe County,746,5,NC,55574,North Carolina,8.99701E-05,0.013423543,505.336,109.9743537
Saline County,1561,2,KS,55740,Kansas,3.58809E-05,0.028005023,755.504,30.77680595
Gordon County,981,0,GA,55757,Georgia,0,0.017594203,355.808,156.7053017
Cherokee County,972,0,SC,55885,South Carolina,0,0.01739286,576.906,20.70527954
Seneca County,1138,0,OH,55914,Ohio,0,0.020352684,551.017,101.4741832
Maverick County,769,0,TX,55932,Texas,0,0.013748838,1279.258,43.72222022
Windsor County,2041,12,VT,56067,Vermont,0.00021403,0.036402875,969.337,57.84056525
Pickaway County,783,3,OH,56304,Ohio,5.32822E-05,0.01390665,501.32,112.3114976
Franklin County,1159,0,VA,56335,Virginia,0,0.020573356,581.972,18.12458331
Pike County,887,1,PA,56591,Pennsylvania,1.76707E-05,0.01567387,440.282,64.42916131
Putnam County,1217,0,WV,56650,West Virginia,0,0.021482789,480.528,78.04956215
Columbia County,1376,0,WI,56653,Wisconsin,0,0.024288211,765.529,74.00503443
Hawkins County,589,0,TN,56800,Tennessee,0,0.010369718,486.975,116.6384311
Marion County,1219,2,WV,56868,West Virginia,3.51692E-05,0.021435605,542.384,48.2683855
Kenai Peninsula Borough,2057,0,AK,57147,Alaska,0,0.03599489,16075.331,3.554950128
Columbus County,1009,0,NC,57246,North Carolina,0,0.017625686,937.293,61.07588556
Oxford County,1284,2,ME,57277,Maine,3.4918E-05,0.022417375,2076.84,27.57891797
Garfield County,2408,1,CO,57302,Colorado,1.74514E-05,0.042022966,4675.356,0.275914818
Carter County,685,0,TN,57338,Tennessee,0,0.011946702,341.203,168.0465881
Cumberland County,1082,0,TN,57466,Tennessee,0,0.018828525,652.315,499.560795
Whiteside County,1241,0,IL,57557,Illinois,0,0.021561235,684.25,84.11691633
Otter Tail County,1686,0,MN,57581,Minnesota,0,0.029280492,1972.068,29.19828322
San Benito County,926,0,CA,57600,California,0,0.016076389,1388.71,41.47734228
Blount County,659,0,AL,57872,Alabama,0,0.011387199,558.706,223.9084599
Anderson County,914,1,TX,57938,Texas,1.72598E-05,0.015775484,337.162,224.0525326
Granville County,832,2,NC,58275,North Carolina,3.432E-05,0.014277134,531.57,109.6280828
Lamar County,1282,0,MS,58801,Mississippi,0,0.02180235,604.846,23.53656964
Newton County,1294,0,MO,58845,Missouri,0,0.021989974,933.677,15.14442361
Huron County,1132,0,OH,58889,Ohio,0,0.019222605,491.495,119.8160714
Lenoir County,1254,0,NC,58914,North Carolina,0,0.021285263,400.591,147.0677075
Barry County,867,1,MI,59097,Michigan,1.69213E-05,0.014670795,553.092,106.8484086
Haywood County,1374,1,NC,59183,North Carolina,1.68967E-05,0.023216126,553.692,106.8879449
Vermilion Parish,1045,0,LA,59253,Louisiana,0,0.017636238,1173.199,50.50549821
Washington County,2212,6,VT,59319,Vermont,0.000101148,0.037289907,2518.031,1.90744276
Genesee County,1343,6,NY,59454,New York,0.000100918,0.022588892,636.977,652.1051781
Broomfield County,1800,73,CO,59471,Colorado,0.001227489,0.030266853,33.034,1800.296664
Walla Walla County,1341,1,WA,59530,Washington,1.67983E-05,0.022526457,1270.129,46.86925501
Laurel County,1139,4,KY,59563,Kentucky,6.71558E-05,0.01912261,433.953,137.2567997
Russell County,781,1,AL,59585,Alabama,1.67827E-05,0.013107326,253.657,69.9842701
Walton County,1871,14,FL,59807,Florida,0.000234086,0.031283963,1037.625,57.63835682
Jackson County,1308,1,IL,59814,Illinois,1.67185E-05,0.02186779,802.651,32.50229552
Lowndes County,1493,0,MS,59922,Mississippi,0,0.024915724,715.911,14.95018236
Duplin County,834,0,NC,60084,North Carolina,0,0.013880567,816.219,73.61259662
Sandusky County,1303,3,OH,60098,Ohio,4.99185E-05,0.021681254,408.453,147.1356558
Belknap County,1762,1,NH,60179,New Hampshire,1.66171E-05,0.029279317,400.232,150.360291
Lee County,1266,0,NC,60266,North Carolina,0,0.02100687,602.621,16.61906903
Georgetown County,1760,1,SC,60440,South Carolina,1.65453E-05,0.029119788,813.547,74.29195855
Boone County,1409,4,IN,60477,Indiana,6.61408E-05,0.023298113,571.569,46.12566462
Mason County,986,0,WA,60497,Washington,0,0.016298329,430.748,62.97417516
Rutland County,2163,2,VT,60622,Vermont,3.29913E-05,0.035680116,929.821,65.197495
Stanly County,1298,1,NC,60635,North Carolina,1.64921E-05,0.021406778,395.086,153.4729148
Clay County,1246,0,MN,60661,Minnesota,0,0.02054038,572.289,11.169182
Hall County,1809,0,NE,60720,Nebraska,0,0.02979249,883.492,3.666133932
Tooele County,756,1,UT,60762,Utah,1.64577E-05,0.012441987,6941.352,8.753626095
Knox County,1057,0,OH,60810,Ohio,0,0.01738201,386.297,82.29419333
Wise County,1266,0,TX,60939,Texas,0,0.020774873,904.422,67.37894478
St. Joseph County,1152,1,MI,60964,Michigan,1.64031E-05,0.018896398,457.85,582.5248444
Jackson County,1161,1,GA,61044,Georgia,1.63816E-05,0.019019068,656.217,20.36826233
Warrick County,1106,1,IN,61049,Indiana,1.63803E-05,0.018116595,384.815,158.6450632
Washington County,1412,3,OH,61310,Ohio,4.89317E-05,0.023030501,631.972,97.01379175
Tipton County,693,0,TN,61586,Tennessee,0,0.011252557,260.541,60.06732146
Crawford County,1056,2,AR,61640,Arkansas,3.24465E-05,0.017131733,401.786,106.5442798
Otsego County,1435,5,NY,61683,New York,8.10596E-05,0.023264108,514.971,46.85506563
Lawrence County,808,0,OH,61917,Ohio,0,0.013049728,415.595,38.1525283
Starr County,553,0,TX,61963,Texas,0,0.008924681,1223.179,50.65734451
Mercer County,1301,0,WV,61984,West Virginia,0,0.020989288,453.835,8.141725517
Acadia Parish,1130,2,LA,62204,Louisiana,3.21523E-05,0.018166034,655.119,94.95068835
Columbia County,1706,1,NY,62243,New York,1.60661E-05,0.027408705,797.574,84.68555896
Franklin County,925,0,NC,62260,North Carolina,0,0.014857051,261.497,84.16540152
Garfield County,1708,0,OK,62267,Oklahoma,0,0.02743026,1058.466,58.82758634
Coos County,1567,0,OR,62282,Oregon,0,0.025159757,1596.173,39.01957996
Bradford County,1390,1,PA,62316,Pennsylvania,1.60472E-05,0.022305668,1147.399,54.31066264
Oldham County,1223,9,KY,62364,Kentucky,0.000144314,0.019610673,1500.533,1.40083557
Pittsylvania County,816,2,VA,62426,Virginia,3.20379E-05,0.013071477,968.941,64.42703942
Kershaw County,1078,0,SC,62516,South Carolina,0,0.017243586,726.562,86.04358609
Pope County,1531,1,AR,62547,Arkansas,1.5988E-05,0.024477593,669.713,16.32341018
Tehama County,955,0,CA,63057,California,0,0.015145028,2949.709,21.37736299
Hamblen County,1285,0,TN,63074,Tennessee,0,0.020372895,161.179,391.3288952
Washington County,1063,0,NY,63093,New York,0,0.016848145,384.282,641.7240464
Montcalm County,1002,1,MI,63105,Michigan,1.58466E-05,0.015878298,705.399,89.46000774
Chippewa County,1550,0,WI,63132,Wisconsin,0,0.024551733,1008.373,62.60778502
Sauk County,1776,0,WI,63162,Wisconsin,0,0.028118172,830.902,76.01618482
Crow Wing County,2072,6,MN,63208,Minnesota,9.49247E-05,0.032780661,999.095,63.26525506
Pike County,1351,1,KY,63380,Kentucky,1.57778E-05,0.021315873,670.438,27.84597532
Spalding County,1114,1,GA,63829,Georgia,1.56669E-05,0.017452882,196.469,324.88077
Lake County,1032,2,CA,63860,California,3.13185E-05,0.016160351,376.911,19.38388638
Pulaski County,1449,0,KY,63907,Kentucky,0,0.022673573,547.099,98.24181729
Ionia County,882,0,MI,64073,Michigan,0,0.013765549,571.304,112.1521992
Liberty County,810,0,GA,64135,Georgia,0,0.012629609,835.562,9.992077189
Sampson County,994,1,NC,64150,North Carolina,1.55885E-05,0.015494934,944.74,67.90227999
Herkimer County,1124,0,NY,64181,New York,0,0.017512971,1411.47,45.47103374
Reno County,1627,1,KS,64190,Kansas,1.55788E-05,0.025346627,1255.346,51.13331305
Athens County,1044,8,OH,64681,Ohio,0.000123684,0.016140752,503.598,128.4377619
Livingston County,1253,0,NY,64705,New York,0,0.01936481,532.329,27.93573147
Carbon County,1132,0,PA,64786,Pennsylvania,0,0.017472911,381.46,169.8369423
Rice County,1477,4,MN,65049,Minnesota,6.14921E-05,0.02270596,495.684,131.2307841
Salem County,1164,1,NJ,65166,New Jersey,1.53454E-05,0.017862075,331.899,196.3428633
Catoosa County,891,0,GA,65311,Georgia,0,0.013642419,162.159,402.7590205
Nacogdoches County,1298,0,TX,65330,Texas,0,0.019868361,946.537,69.02001718
Warren County,2336,1,NY,65337,New York,1.53053E-05,0.035753095,884.135,46.24293801
Lewis and Clark County,2206,0,MT,65338,Montana,0,0.033762894,3458.828,18.89021368
McCracken County,2090,2,KY,65373,Kentucky,3.05937E-05,0.031970385,248.744,262.8123693
Blue Earth County,1926,0,MN,65528,Minnesota,0,0.029392016,747.844,87.6225523
Otero County,958,0,NM,65616,New Mexico,0,0.014600098,1261.961,14.82058479
Butler County,1303,0,KS,65803,Kansas,0,0.019801529,584.907,14.21080616
Chaves County,1441,1,NM,65823,New Mexico,1.51923E-05,0.021892044,6065.275,10.85243456
Marion County,1127,1,OH,65905,Ohio,1.51734E-05,0.017100372,403.757,163.2293682
Klamath County,1527,1,OR,65910,Oregon,1.51722E-05,0.023167956,5941.052,11.0939948
Walker County,1248,0,AL,65998,Alabama,0,0.018909664,791.192,83.41590916
San Patricio County,1042,0,TX,66137,Texas,0,0.015755175,693.451,95.37371783
St. Francois County,1473,0,MO,66215,Missouri,0,0.022245715,451.887,146.5299953
Laurens County,931,1,SC,66229,South Carolina,1.50991E-05,0.014057286,713.804,92.78317297
York County,1406,0,VA,66269,Virginia,0,0.021216557,680.595,351.6966772
Columbia County,1368,2,PA,66797,Pennsylvania,2.99415E-05,0.020479962,657.357,75.0642345
Chatham County,1304,10,NC,66817,North Carolina,0.000149663,0.019515991,426.437,652.9311481
Harrison County,1318,0,TX,66886,Texas,0,0.01970517,484.516,80.82911607
Williamson County,1592,0,IL,66924,Illinois,0,0.023788178,582.599,341.4029204
Rutherford County,1252,0,NC,66956,North Carolina,0,0.018698847,619.364,453.738028
Adams County,1827,1,IL,67130,Illinois,1.48965E-05,0.02721585,855.202,78.49607461
Fauquier County,1808,3,VA,67207,Virginia,4.46382E-05,0.02690196,647.449,103.8027706
Robertson County,1056,0,TN,67383,Tennessee,0,0.015671609,476.287,141.4756229
Columbia County,1318,2,FL,67543,Florida,2.96108E-05,0.019513495,634.705,98.06603068
Marquette County,1637,1,MI,67700,Michigan,1.4771E-05,0.024180207,1808.401,37.43638717
Wayne County,1525,1,IN,67893,Indiana,1.47291E-05,0.022461815,713.814,23.27216894
Darlington County,1097,0,SC,67935,South Carolina,0,0.016147788,561.153,121.0632394
Jefferson County,1277,8,OH,67964,Ohio,0.000117709,0.018789359,571.169,67.65773353
Ward County,2053,0,ND,67990,North Dakota,0,0.030195617,2013.279,33.77077891
Lea County,1708,1,NM,68062,New Mexico,1.46925E-05,0.025094767,4390.932,15.50058165
Armstrong County,1338,2,PA,68107,Pennsylvania,2.93656E-05,0.019645558,909.109,2.143857337
Walker County,704,0,GA,68198,Georgia,0,0.010322883,446.379,152.7804847
Greene County,1090,0,TN,68267,Tennessee,0,0.015966719,413.729,394.4707768
Carteret County,1914,1,NC,68434,North Carolina,1.46126E-05,0.027968554,506.251,135.1780046
Walker County,945,1,TX,68817,Texas,1.45313E-05,0.013732072,784.169,87.75786852
Shiawassee County,1134,0,MI,68900,Michigan,0,0.016458636,530.668,129.8363572
Jones County,1324,1,MS,68961,Mississippi,1.45009E-05,0.019199258,694.795,99.25373671
Harrison County,1831,0,WV,68972,West Virginia,0,0.026547005,899.951,74.32182419
Wilkes County,1216,0,NC,69023,North Carolina,0,0.017617316,469.49,21.3210079
Troup County,1400,1,GA,69053,Georgia,1.44816E-05,0.020274282,413.988,166.7995208
Grant County,1319,3,IN,69126,Indiana,4.3399E-05,0.019081098,548.16,10.92564215
Grand Forks County,1898,5,ND,69179,North Dakota,7.22763E-05,0.027436072,1436.376,48.16218038
Kauai County,1981,2,HI,69512,Hawaii,2.8772E-05,0.028498676,619.956,112.1240862
Belmont County,1487,0,OH,69571,Ohio,0,0.021373848,532.129,130.7408542
Greenwood County,1344,2,SC,69723,South Carolina,2.86849E-05,0.019276279,454.726,153.3296974
Morgan County,1161,0,IN,69782,Indiana,0,0.016637528,416.423,35.7905303
Bedford County,1352,1,VA,69825,Virginia,1.43215E-05,0.019362692,753.021,92.72649767
Aroostook County,1998,3,ME,70055,Maine,4.28235E-05,0.028520448,6671.33,10.50090462
Muskogee County,1433,0,OK,70303,Oklahoma,0,0.020383198,810.45,86.74563514
Portage County,1611,0,WI,70380,Wisconsin,0,0.022890026,800.679,87.90039454
Isabella County,1396,2,MI,70436,Michigan,2.83946E-05,0.019819411,572.677,122.9942882
Creek County,1381,0,OK,70470,Oklahoma,0,0.019596992,950.141,74.16793928
James City County,1646,0,VA,70516,Virginia,0,0.02334222,142.437,495.067995
Lonoke County,1000,2,AR,70753,Arkansas,2.82674E-05,0.014133676,770.728,91.80022005
DeKalb County,1079,0,AL,71013,Alabama,0,0.015194401,267.582,2665.874386
Grays Harbor County,1661,0,WA,71078,Washington,0,0.023368694,1902.027,37.36960621
Pottawatomie County,1310,1,OK,71158,Oklahoma,1.40532E-05,0.018409736,787.672,90.33963376
Bulloch County,1370,0,GA,71214,Georgia,0,0.01923779,672.809,105.8457898
Franklin County,1582,1,MA,71221,Massachusetts,1.40408E-05,0.02221255,663.645,19.36878904
Barrow County,1070,0,GA,71453,Georgia,0,0.014974879,160.309,445.7204524
Hancock County,1328,1,IN,71575,Indiana,1.39714E-05,0.018553964,471.841,18.81777972
Apache County,462,0,AZ,71934,Arizona,0,0.006422554,11197.521,6.424100477
Clallam County,2056,2,WA,72312,Washington,2.76579E-05,0.028432349,1738.329,41.59856966
Madison County,1414,5,NY,72382,New York,6.90779E-05,0.019535244,494.39,25.14411699
Putnam County,1230,0,FL,72577,Florida,0,0.016947518,160.161,36.21980382
Surry County,1678,0,NC,73050,North Carolina,0,0.022970568,532.166,137.269198
Jefferson County,1367,4,AR,73191,Arkansas,5.46515E-05,0.01867716,570.185,13.25885458
McKinley County,973,0,NM,73308,New Mexico,0,0.013272767,5449.809,13.45148059
Yuba County,819,0,CA,73340,California,0,0.011167167,631.839,116.0738732
Allegany County,1609,2,MD,73521,Maryland,2.72031E-05,0.021884904,1029.308,46.73916845
Putnam County,1731,1,TN,73525,Tennessee,1.36008E-05,0.023543013,517.317,9.423622266
Iberia Parish,1707,0,LA,73878,Louisiana,0,0.023105661,574.111,128.6824325
Augusta County,1405,0,VA,73912,Virginia,0,0.019009092,966.999,76.43441203
Wood County,1755,2,WI,73959,Wisconsin,2.7042E-05,0.023729364,793.116,93.25117637
Chelan County,2429,2,WA,73967,Washington,2.70391E-05,0.032838969,2920.525,25.3266108
Christian County,1312,0,KY,74167,Kentucky,0,0.017689808,562.645,143.7833803
Dallas County,1711,0,IA,74641,Iowa,0,0.022923058,667.386,11.88667428
Oconee County,1444,0,SC,75045,South Carolina,0,0.019241788,184.29,184.6817516
Lewis County,1808,0,WA,75081,Washington,0,0.02408066,1274.679,21.29869559
Riley County,1567,1,KS,75394,Kansas,1.32637E-05,0.020784147,609.771,123.6431382
Van Buren County,1268,0,MI,75455,Michigan,0,0.016804718,484.789,15.33863186
Anderson County,1517,7,TN,75542,Tennessee,9.26637E-05,0.020081544,715.426,266.4720041
Wagoner County,918,0,OK,75700,Oklahoma,0,0.012126816,561.555,134.8042489
Nassau County,1646,5,FL,75710,Florida,6.60415E-05,0.021740853,284.716,4749.104371
Hancock County,1697,3,OH,75773,Ohio,3.95919E-05,0.02239584,571.005,19.42890167
Bastrop County,1134,1,TX,75825,Texas,1.31883E-05,0.01495549,888.15,85.37409221
Erie County,1854,0,OH,76048,Ohio,0,0.024379339,799.154,350.7384059
Coryell County,707,1,TX,76192,Texas,1.31247E-05,0.009279189,1052.066,72.42131197
Floyd County,1773,8,IN,76244,Indiana,0.000104926,0.023254289,500.632,32.14337078
Valencia County,892,0,NM,76284,New Mexico,0,0.011693147,1066.175,71.54922972
Monroe County,3613,1,FL,76351,Florida,1.30974E-05,0.047320926,1025.675,21.67938187
Somerset County,1701,1,PA,76520,Pennsylvania,1.30685E-05,0.022229482,319.723,82.17425709
Cheshire County,1902,2,NH,76610,New Hampshire,2.61063E-05,0.024827046,706.66,108.4114001
Sullivan County,1936,2,NY,76665,New York,2.60875E-05,0.025252723,968.132,79.18858172
Cole County,2263,0,MO,76699,Missouri,0,0.029504948,393.75,194.7911111
Umatilla County,1529,0,OR,76720,Oregon,0,0.019929614,3215.509,23.8593641
Clinton County,1305,0,MI,76739,Michigan,0,0.017005695,197.246,51.43830547
Polk County,1335,0,OR,76794,Oregon,0,0.017384171,438.345,12.03390024
Bullitt County,1040,0,KY,76854,Kentucky,0,0.013532152,297.024,258.7467679
Liberty County,1030,0,TX,76907,Texas,0,0.013392799,1158.417,66.38973703
Forrest County,1848,5,MS,77059,Mississippi,6.48853E-05,0.023981624,466.314,165.2513113
Cape Girardeau County,2369,1,MO,77320,Missouri,1.29333E-05,0.030638903,578.535,133.647921
Rockingham County,1416,0,VA,77741,Virginia,0,0.018214327,694.72,430.582105
Ross County,1214,0,OH,77910,Ohio,0,0.015582082,689.188,113.0460774
Kosciusko County,1904,4,IN,77963,Indiana,5.13064E-05,0.024421841,531.381,146.7177035
Lynchburg city,2185,4,VA,78014,Virginia,5.12728E-05,0.028007793,49.128,1587.974271
Scioto County,1278,3,OH,78153,Ohio,3.83862E-05,0.016352539,610.213,128.0749509
Leavenworth County,1207,0,KS,78185,Kansas,0,0.015437744,462.831,168.9277512
White County,1513,0,AR,78483,Arkansas,0,0.01927806,376.673,69.67316479
Henderson County,1274,1,TX,78675,Texas,1.27105E-05,0.0161932,373.068,293.6193938
Island County,1686,0,WA,78801,Washington,0,0.021395668,208.449,378.034915
Raleigh County,1821,0,WV,78833,West Virginia,0,0.023099463,605.351,130.2269262
Cattaraugus County,1622,4,NY,78892,New York,5.07022E-05,0.020559753,1308.35,60.2988497
Payne County,1760,4,OK,79066,Oklahoma,5.05906E-05,0.022259884,684.703,115.4748847
Cayuga County,1650,2,NY,79477,New York,2.51645E-05,0.020760723,691.582,114.9205734
Bartholomew County,1814,0,IN,79587,Indiana,0,0.022792667,406.908,195.5896665
Lincoln County,1511,1,NC,79740,North Carolina,1.25408E-05,0.018949085,586.115,59.39107513
Twin Falls County,2451,0,ID,79957,Idaho,0,0.030653977,1921.213,41.61797781
Lauderdale County,1941,0,MS,80254,Mississippi,0,0.02418571,703.634,114.0564555
Vermilion County,1456,3,IL,80329,Illinois,3.73464E-05,0.018125459,898.368,89.41658652
Lancaster County,1227,4,SC,80458,South Carolina,4.97154E-05,0.015250193,133.25,83.66228893
Manitowoc County,1752,1,WI,80654,Wisconsin,1.23986E-05,0.021722419,589.082,136.9147249
Cullman County,1710,0,AL,80811,Alabama,0,0.021160486,734.841,109.9707284
Christian County,1650,2,MO,80899,Missouri,2.47222E-05,0.020395802,709.377,48.34946721
Elmore County,1134,1,AL,80902,Alabama,1.23606E-05,0.014016959,618.485,130.8067293
Natrona County,2942,6,WY,80973,Wyoming,7.40988E-05,0.036333099,5340.352,15.16248367
Talladega County,1225,1,AL,81096,Alabama,1.23311E-05,0.015105554,736.775,110.0688813
Clearfield County,2001,0,PA,81174,Pennsylvania,0,0.02465075,1144.722,70.91154009
Frederick County,1441,2,VA,81319,Virginia,2.45945E-05,0.017720336,413.496,196.6621201
Glynn County,2424,3,GA,81508,Georgia,3.68062E-05,0.029739412,419.753,194.1808635
Clinton County,1865,3,NY,81591,New York,3.67688E-05,0.022857913,694.915,69.67758647
Wilson County,1729,0,NC,81667,North Carolina,0,0.021171342,570.826,213.6290218
Caldwell County,1335,0,NC,81990,North Carolina,0,0.016282473,426.393,21.33477801
Cascade County,2427,0,MT,82384,Montana,0,0.029459604,2698.158,30.53342317
Newport County,2708,6,RI,82397,Rhode Island,7.28182E-05,0.032865274,102.386,804.76823
Howard County,1745,3,IN,82760,Indiana,3.62494E-05,0.021085065,463.849,22.11279964
Orange County,1358,0,TX,82957,Texas,0,0.016369927,333.669,248.620639
Bannock County,1951,1,ID,83249,Idaho,1.20122E-05,0.023435717,1111.988,74.86501653
Josephine County,1897,1,OR,83306,Oregon,1.20039E-05,0.022771469,1639.668,50.80662671
St. Landry Parish,1597,0,LA,83454,Louisiana,0,0.019136291,923.879,90.33001075
Maury County,1661,0,TN,83761,Tennessee,0,0.019830231,613.138,136.6103553
Midland County,1739,3,MI,83919,Michigan,3.57488E-05,0.020722363,516.253,162.5540191
Jefferson County,1902,4,WI,84509,Wisconsin,4.73322E-05,0.022506479,758.832,8.476184452
Muskingum County,1733,2,OH,85231,Ohio,2.34656E-05,0.020332977,664.579,128.248109
Rockwall County,1884,2,TX,85245,Texas,2.34618E-05,0.022101003,127.036,671.0302591
Lee County,2412,1,MS,85340,Mississippi,1.17178E-05,0.028263417,784.513,842.7075141
Madison County,1651,0,KY,85590,Kentucky,0,0.019289637,469.206,79.81568863
Suffolk city,1490,0,VA,85728,Virginia,0,0.017380552,400.168,214.2300234
Walton County,1518,0,GA,85754,Georgia,0,0.017701798,325.68,263.3075411
St. Croix County,2131,5,WI,85930,Wisconsin,5.81869E-05,0.024799255,722.329,118.9624119
St. Clair County,1266,2,AL,86308,Alabama,2.31728E-05,0.014668397,631.902,136.5844704
Wood County,2049,3,WV,86569,West Virginia,3.46544E-05,0.023668981,645.234,65.56691061
Benton County,2077,13,OR,86591,Oregon,0.000150131,0.023986327,1700.379,108.496988
Franklin County,1404,1,WA,86638,Washington,1.15423E-05,0.01620536,532.188,2277.884883
Rockdale County,1924,0,GA,86919,Georgia,0,0.022135551,129.793,669.6740194
Hunt County,1364,1,TX,87048,Texas,1.14879E-05,0.015669516,840.318,103.5893555
Ozaukee County,2727,12,WI,87054,Wisconsin,0.000137845,0.031325384,233.077,373.4988866
Mendocino County,2465,2,CA,87192,California,2.29379E-05,0.028270942,3506.343,24.86693401
Crawford County,2029,0,PA,87376,Pennsylvania,0,0.02322148,714.19,24.41087106
Angelina County,1863,0,TX,87441,Texas,0,0.021305795,797.778,109.6056798
Indiana County,1901,1,PA,87745,Pennsylvania,1.13967E-05,0.021665052,827.03,106.096514
Dodge County,1732,3,WI,88344,Wisconsin,3.39582E-05,0.01960518,495.89,42.79376475
Lapeer County,1573,0,MI,88389,Michigan,0,0.017796332,643.014,137.4604596
Burleigh County,2946,2,ND,88457,North Dakota,2.26099E-05,0.033304317,1632.653,54.17991453
Chemung County,1810,0,NY,88506,New York,0,0.020450591,407.352,217.2715489
Limestone County,1304,0,AL,88845,Alabama,0,0.014677247,559.936,158.6699194
Rogers County,1698,3,OK,89044,Oklahoma,3.36912E-05,0.019069224,675.632,131.7936391
Lawrence County,1973,2,PA,89333,Pennsylvania,2.23881E-05,0.022085903,690.678,48.62902829
Grafton County,2862,24,NH,89629,New Hampshire,0.00026777,0.031931629,1708.749,52.45299339
Buchanan County,2299,0,MO,89631,Missouri,0,0.025649608,571.02,36.734265
Burke County,1443,4,NC,89842,North Carolina,4.45226E-05,0.01606153,826.968,27.71933134
Grand Traverse County,3302,1,MI,89987,Michigan,1.11127E-05,0.036694189,464.331,193.799251
Victoria County,2369,0,TX,90028,Texas,0,0.026314036,882.143,102.0560159
Sherburne County,1903,11,MN,90158,Minnesota,0.000122008,0.021107389,432.917,208.25701
Calvert County,1686,0,MD,90484,Maryland,0,0.018633129,213.152,424.5045789
Orangeburg County,1647,0,SC,90942,South Carolina,0,0.018110444,1106.101,82.21853158
Campbell County,1636,14,KY,90988,Kentucky,0.000153866,0.017980393,480.191,83.79582291
Moore County,2197,4,NC,91587,North Carolina,4.36743E-05,0.023988121,899.691,24.60956039
Grant County,1741,0,WA,91878,Washington,0,0.018949041,477.373,24.63272954
Rockingham County,1664,0,NC,91878,North Carolina,0,0.018110973,565.551,162.4574972
Story County,2004,17,IA,92406,Iowa,0.000183971,0.021686903,572.818,161.3182547
Wayne County,1713,0,NY,92473,New York,0,0.018524326,603.826,153.1451113
Tuscarawas County,2142,5,OH,92672,Ohio,5.39537E-05,0.023113778,567.636,163.2595537
Pottawattamie County,1978,1,IA,92728,Iowa,1.07842E-05,0.021331205,950.28,97.57966073
Lauderdale County,1964,1,AL,92797,Alabama,1.07762E-05,0.021164477,667.697,138.9807053
Dougherty County,2330,1,GA,92969,Georgia,1.07563E-05,0.025062117,328.689,282.8479201
Flathead County,3870,7,MT,93068,Montana,7.52138E-05,0.041582499,5087.66,18.29288907
Platte County,2238,0,MO,93310,Missouri,0,0.023984568,420.19,222.0662081
Bowie County,2188,1,TX,93487,Texas,1.06967E-05,0.023404324,885.006,105.6343121
Roanoke County,2010,27,VA,93524,Virginia,0.000288696,0.02149181,250.518,373.3224758
Sevier County,2543,0,TN,93570,Tennessee,0,0.027177514,1910.577,10.91398044
Geauga County,2752,2,OH,93972,Ohio,2.12829E-05,0.029285319,400.164,234.8337182
Northumberland County,1654,1,PA,94076,Pennsylvania,1.06297E-05,0.01758153,191.295,63.77584359
Gallatin County,4960,33,MT,94720,Montana,0.000348395,0.052364865,2602.689,36.39313034
Marshall County,1787,0,AL,94760,Alabama,0,0.018858168,386.789,31.4202317
Nash County,2049,0,NC,95093,North Carolina,0,0.021547327,540.407,175.9655223
Matanuska-Susitna Borough,2069,1,AK,95192,Alaska,1.05051E-05,0.02173502,24607.898,3.868351535
Sutter County,1695,4,CA,95350,California,4.19507E-05,0.017776612,602.41,158.280905
Carver County,2435,25,MN,95562,Minnesota,0.00026161,0.02548084,354.325,269.7015452
Dubuque County,2762,2,IA,95697,Iowa,2.08993E-05,0.028861929,608.305,157.3174641
Laramie County,2905,9,WY,95809,Wyoming,9.39369E-05,0.030320742,2685.912,35.67093784
Floyd County,1945,1,GA,95821,Georgia,1.04361E-05,0.020298264,380.42,40.81804322
Cape May County,3805,0,NJ,95897,New Jersey,0,0.039677988,251.425,381.4139405
Portsmouth city,1692,1,VA,96205,Virginia,1.03945E-05,0.017587443,33.653,2858.734734
Montgomery County,1928,36,VA,96207,Virginia,0.000374193,0.020040122,461.553,1160.963096
Cleveland County,1921,0,NC,97047,North Carolina,0,0.019794533,538.766,499.920188
Cabell County,2473,0,WV,97133,West Virginia,0,0.025459936,281.018,345.6468981
Lafourche Parish,1836,0,LA,97141,Louisiana,0,0.018900361,1068.214,90.9377709
Garland County,2691,1,AR,97173,Arkansas,1.02909E-05,0.027692878,677.781,143.3693184
Highlands County,1860,2,FL,97616,Florida,2.04884E-05,0.019054253,1016.615,96.02061744
Nevada County,2961,6,CA,98200,California,6.10998E-05,0.030152749,957.772,102.5296208
Daviess County,2263,4,KY,98218,Kentucky,4.07257E-05,0.023040583,458.346,214.287896
Roanoke city,3171,0,VA,98465,Virginia,0,0.032204337,42.562,2313.448616
Steuben County,1806,1,NY,98650,New York,1.01368E-05,0.018307146,308.939,111.2128932
Madison County,2529,0,TN,98733,Tennessee,0,0.025614536,715.582,373.437286
Lenawee County,1807,2,MI,99188,Michigan,2.01637E-05,0.01821793,749.555,132.329182
Putnam County,2822,3,NY,99645,New York,3.01069E-05,0.028320538,727.622,99.74547224
Ashtabula County,1937,1,OH,99811,Ohio,1.00189E-05,0.019406679,701.931,142.1948881
Flagler County,1860,3,FL,99956,Florida,3.00132E-05,0.018608188,485.461,205.899135
Madison County,2891,14,MS,100412,Mississippi,0.000139426,0.02879138,801.593,432.75328
Fairbanks North Star Borough,2468,3,AK,100436,Alaska,2.98698E-05,0.024572862,7338.209,13.68671838
Cass County,1811,0,MO,100641,Missouri,0,0.017994654,490.062,105.9253727
Yamhill County,2311,1,OR,100725,Oregon,9.92802E-06,0.022943658,715.86,140.7048864
Wicomico County,2527,1,MD,100896,Maryland,9.9112E-06,0.025045592,374.444,269.4555127
Bartow County,1849,0,GA,101273,Georgia,0,0.018257581,459.544,220.3771565
Hanover County,3071,4,VA,101330,Virginia,3.9475E-05,0.030306918,468.536,216.2694009
Eau Claire County,2661,5,WI,101438,Wisconsin,4.92912E-05,0.026232773,637.983,158.997967
Craighead County,2471,1,AR,101488,Arkansas,9.85338E-06,0.024347706,707.206,143.5055698
Adams County,1897,0,PA,101546,Pennsylvania,0,0.018681189,563.272,56.11853598
Fond du Lac County,2359,1,WI,101798,Wisconsin,9.82338E-06,0.023173343,719.553,141.4739429
Franklin County,2596,0,MO,101816,Missouri,0,0.025496975,922.681,110.3479968
Bradley County,1874,1,TN,101848,Tennessee,9.81855E-06,0.018399969,328.762,309.7924943
Cowlitz County,2154,0,WA,101860,Washington,0,0.021146672,1140.125,89.34108102
Cecil County,1777,2,MD,101913,Maryland,1.96246E-05,0.017436441,346.273,294.3140239
Woodbury County,2685,1,IA,102130,Iowa,9.79144E-06,0.026290023,872.834,117.009649
Monongalia County,2243,11,WV,102274,West Virginia,0.000107554,0.021931283,360.062,284.0455255
Newton County,1302,0,GA,102446,Georgia,0,0.012709135,578.104,37.5174709
Walworth County,2587,10,WI,102945,Wisconsin,9.71392E-05,0.025129924,555.127,185.4440515
Whitfield County,2165,0,GA,102945,Georgia,0,0.021030647,290.464,354.4156935
Albemarle County,2564,119,VA,103000,Virginia,0.00115534,0.024893204,720.698,142.9170055
Miami County,2109,1,OH,103439,Ohio,9.66753E-06,0.020388828,406.58,254.4124158
Tompkins County,2340,42,NY,103617,New York,0.000405339,0.022583167,474.649,218.3023666
Houston County,2697,0,AL,103668,Alabama,0,0.026015743,1230.909,18.61307375
Etowah County,2003,0,AL,103931,Alabama,0,0.019272402,534.991,194.2668194
Craven County,2141,0,NC,104489,North Carolina,0,0.020490195,708.958,147.3839071
DeKalb County,1957,0,IL,104741,Illinois,0,0.018684183,421.356,30.47304417
Allen County,2455,2,OH,105298,Ohio,1.89937E-05,0.023314783,402.496,261.6125378
Pennington County,3651,5,SD,105761,South Dakota,4.72764E-05,0.034521232,2776.553,38.09075498
Columbiana County,2051,1,OH,105893,Ohio,9.44349E-06,0.019368608,531.893,199.0870344
Bay County,2242,0,MI,106832,Michigan,0,0.020986221,442.302,241.5363259
Douglas County,2406,1,OR,106940,Oregon,9.35104E-06,0.022498597,431.802,7.000893928
Sumter County,1317,1,FL,107056,Florida,9.34091E-06,0.012301973,482.697,64.97657951
Navajo County,1691,0,AZ,107322,Arizona,0,0.015756322,9950.422,10.78567321
Warren County,2483,1,NJ,107379,New Jersey,9.31281E-06,0.023123702,569.827,83.07082676
Bonneville County,3237,6,ID,107517,Idaho,5.58051E-05,0.030106867,1866.077,57.61659353
Androscoggin County,2670,2,ME,107604,Maine,1.85867E-05,0.024813204,467.927,229.9589466
Sumter County,1769,0,SC,108123,South Carolina,0,0.016360996,665.066,162.5748422
Hardin County,2302,1,KY,108191,Kentucky,9.24291E-06,0.021277186,623.278,173.5838582
Vigo County,2484,2,IN,108291,Indiana,1.84688E-05,0.022938194,403.313,268.5036188
Eaton County,2028,1,MI,108348,Michigan,9.22952E-06,0.018717466,575.175,188.3739731
Fayette County,3179,3,GA,108365,Georgia,2.76842E-05,0.02933604,790.339,170.8115125
Kaufman County,1700,0,TX,108568,Texas,0,0.015658389,780.699,139.0651198
Berkeley County,1570,0,WV,108706,West Virginia,0,0.014442625,1098.857,176.5652856
Ontario County,2835,8,NY,109103,New York,7.33252E-05,0.02598462,644.065,169.3974987
Macon County,2447,0,IL,109278,Illinois,0,0.02239243,608.885,32.33451309
Henderson County,2516,5,NC,109540,North Carolina,4.56454E-05,0.022968779,873.748,90.04312456
St. Mary's County,1926,5,MD,109633,Maryland,4.56067E-05,0.017567703,357.18,306.9404782
LaPorte County,2296,0,IN,111281,Indiana,0,0.020632453,598.299,185.9956309
Missoula County,4173,20,MT,111807,Montana,0.00017888,0.037323245,2593.424,43.11173183
St. Lawrence County,1968,5,NY,111963,New York,4.46576E-05,0.017577235,2680.377,41.77136276
Kankakee County,2362,0,IL,112120,Illinois,0,0.021066714,676.556,165.7216845
LaSalle County,2710,1,IL,112183,Illinois,8.91401E-06,0.024156958,1135.124,98.82885042
Carroll County,1979,2,GA,112355,Georgia,1.78007E-05,0.017613813,447.595,374.3652186
Allegan County,2221,0,MI,112531,Michigan,0,0.019736784,825.231,136.3630305
Terrebonne Parish,3002,0,LA,112749,Louisiana,0,0.026625513,1231.815,91.53078993
Lowndes County,2632,1,GA,112916,Georgia,8.85614E-06,0.023309363,505.509,118.5379489
Clark County,2400,0,IN,112938,Indiana,0,0.021250598,866.074,26.2598808
Douglas County,2629,15,KS,114322,Kansas,0.000131208,0.022996449,455.871,250.7770839
Ascension Parish,2089,1,LA,114393,Louisiana,8.74179E-06,0.018261607,289.981,394.4844662
Saline County,1836,3,AR,114404,Arkansas,2.62229E-05,0.01604839,379.819,65.66022237
Sheboygan County,2644,2,WI,114922,Wisconsin,1.74031E-05,0.023006909,511.265,224.7797131
Tom Green County,2735,0,TX,114954,Texas,0,0.023792126,1521.972,75.52964181
Wayne County,2441,6,OH,115071,Ohio,5.21417E-05,0.02121299,641.777,46.86518838
Mercer County,2800,1,PA,115195,Pennsylvania,8.68093E-06,0.024306611,561.202,28.82740974
Brunswick County,2299,0,NC,115301,North Carolina,0,0.019939116,846.973,136.133029
Jasper County,2855,5,MO,116398,Missouri,4.29561E-05,0.024527913,938.845,37.97112409
La Crosse County,3000,2,WI,116713,Wisconsin,1.71361E-05,0.025704078,451.686,258.3941056
Calhoun County,2308,2,AL,116736,Alabama,1.71327E-05,0.019771107,628.581,8.337827583
Lycoming County,2847,2,PA,116754,Pennsylvania,1.713E-05,0.024384604,1228.594,95.03057967
Cache County,3034,8,UT,116909,Utah,6.84293E-05,0.025951809,1164.813,100.3671834
Delaware County,2318,0,IN,117484,Indiana,0,0.019730346,392.124,299.6093073
Windham County,2088,2,CT,117604,Connecticut,1.70062E-05,0.017754498,512.91,229.2877893
Warren County,2893,3,KY,118370,Kentucky,2.53443E-05,0.024440314,866.952,75.36403399
Comal County,3088,6,TX,118480,Texas,5.06415E-05,0.026063471,559.476,211.7695844
Linn County,2432,1,OR,118765,Oregon,8.41999E-06,0.020477413,615.564,20.09214314
Skagit County,3349,3,WA,118837,Washington,2.52447E-05,0.028181459,1731.203,68.64417402
Kendall County,2007,0,IL,119348,Illinois,0,0.016816369,320.335,372.5724632
Jefferson County,2450,3,NY,119504,New York,2.51038E-05,0.020501406,598.095,23.73201582
Faulkner County,2434,8,AR,119580,Arkansas,6.69008E-05,0.020354574,647.884,184.5700774
Morgan County,2581,2,AL,119787,Alabama,1.66963E-05,0.021546579,522.18,41.9682868
Pickens County,2000,3,SC,119829,South Carolina,2.50357E-05,0.016690451,496.407,241.3926476
Kennebec County,3214,0,ME,121164,Maine,0,0.026526031,867.524,139.666453
Oswego County,2106,0,NY,121165,New York,0,0.017381257,951.65,127.3209688
Clarke County,2909,2,GA,121265,Georgia,1.64928E-05,0.023988785,691.554,23.73639658
Parker County,2378,0,TX,121418,Texas,0,0.019585234,903.478,134.3895479
Potter County,3624,5,TX,121661,Texas,4.10978E-05,0.029787689,908.37,133.9333091
Richland County,2634,0,OH,121773,Ohio,0,0.021630411,586.151,30.22599979
Wilson County,2396,1,TN,121945,Tennessee,8.20042E-06,0.019648202,570.418,15.96197876
Grayson County,2505,0,TX,122353,Texas,0,0.020473548,932.804,131.1668904
Gregg County,4090,0,TX,123024,Texas,0,0.033245546,273.303,450.1377592
Bossier Parish,2414,3,LA,123823,Louisiana,2.42281E-05,0.01949557,840.057,147.3983313
Boone County,2970,1,KY,124442,Kentucky,8.03587E-06,0.02386654,590.231,63.35824448
Wayne County,2129,2,NC,124583,North Carolina,1.60536E-05,0.017089009,505.981,81.89437943
Strafford County,2530,13,NH,124593,New Hampshire,0.00010434,0.020306117,368.975,337.6732841
Comanche County,2177,0,OK,124937,Oklahoma,0,0.017424782,788.298,2.480026589
Harnett County,1605,3,NC,124987,North Carolina,2.40025E-05,0.012841335,594.987,210.0667746
Blount County,2257,0,TN,125099,Tennessee,0,0.018041711,644.776,89.75520181
Tangipahoa Parish,2274,1,LA,125412,Louisiana,7.97372E-06,0.018132236,791.275,158.4935705
Washington County,2776,0,TN,125546,Tennessee,0,0.022111417,562.572,25.68204603
Canadian County,2455,0,OK,126123,Oklahoma,0,0.019465125,896.626,140.6640004
Hunterdon County,3869,18,NJ,126250,New Jersey,0.000142574,0.030645545,427.819,295.1014331
Washington County,3717,8,RI,126259,Rhode Island,6.33618E-05,0.029439486,1452.982,6.84385629
Blair County,3208,1,PA,126314,Pennsylvania,7.91678E-06,0.025397026,525.8,240.2320274
Randall County,2394,0,TX,126474,Texas,0,0.018928792,911.544,138.7470051
San Juan County,2800,1,NM,126503,New Mexico,7.90495E-06,0.022133862,387.488,1.785861756
Sebastian County,3472,2,AR,127342,Arkansas,1.57057E-05,0.02726516,531.911,239.4047124
Spotsylvania County,2328,0,VA,127348,Virginia,0,0.018280617,401.496,317.1837328
Wright County,3143,1,MN,128470,Minnesota,7.78392E-06,0.024464856,661.457,194.2227537
Wood County,2715,7,OH,129264,Ohio,5.41527E-05,0.021003528,617.205,209.4344667
Cochise County,2241,0,AZ,129473,Arizona,0,0.017308628,6165.69,20.9989474
Berkshire County,3922,23,MA,129585,Massachusetts,0.00017749,0.030265849,926.825,139.8160386
Madison County,2225,4,IN,130482,Indiana,3.06556E-05,0.01705216,466.065,29.56883696
Wichita County,3146,0,TX,132047,Texas,0,0.02382485,627.776,210.3409496
Black Hawk County,3190,4,IA,132546,Iowa,3.01782E-05,0.024067116,565.769,234.2758264
Rapides Parish,3141,1,LA,132723,Louisiana,7.53449E-06,0.02366583,1317.962,100.7032069
Washington County,3167,7,WI,132739,Wisconsin,5.27351E-05,0.023858851,724.23,766.3256148
Chautauqua County,2900,6,NY,133080,New York,4.50857E-05,0.021791404,1060.226,125.5204079
Coweta County,2106,1,GA,133180,Georgia,7.50863E-06,0.015813185,440.892,302.069441
Livingston Parish,1652,3,LA,134053,Louisiana,2.23792E-05,0.012323484,648.169,206.8179749
Taylor County,3372,2,TX,134117,Texas,1.49124E-05,0.025142227,1043.305,21.90826268
Humboldt County,3168,8,CA,134493,California,5.94826E-05,0.023555129,3567.987,37.6943638
Robeson County,1795,2,NC,134841,North Carolina,1.48323E-05,0.013311975,949.221,142.0543793
Fayette County,2674,0,PA,134999,Pennsylvania,0,0.019807554,627.66,26.93974445
Calhoun County,2616,0,MI,135012,Michigan,0,0.019376055,586.573,25.11878317
Columbia County,2088,0,GA,135416,Georgia,0,0.015419153,290.09,466.806853
Marathon County,3271,2,WI,135416,Wisconsin,1.47693E-05,0.024155196,1544.983,87.64886086
Lebanon County,2624,2,PA,135486,Pennsylvania,1.47617E-05,0.019367315,361.833,374.4434587
Clark County,2357,5,OH,136167,Ohio,3.67196E-05,0.017309627,252.463,141.0662156
Tazewell County,2790,7,IL,136352,Illinois,5.13377E-05,0.020461746,518.846,85.00210082
Douglas County,2388,3,GA,136379,Georgia,2.19975E-05,0.017510027,416.665,47.72899092
Coconino County,3514,2,AZ,136539,Arizona,1.46478E-05,0.025736237,18618.885,7.333360725
Sandoval County,1648,6,NM,136575,New Mexico,4.39319E-05,0.01206663,3710.65,36.80621993
Hampton city,2370,4,VA,136699,Virginia,2.92614E-05,0.017337362,51.413,2658.841149
Stafford County,2141,0,VA,136788,Virginia,0,0.015651958,268.956,508.5887654
Scott County,3209,3,MN,137232,Minnesota,2.18608E-05,0.023383759,535.53,42.27587623
Rowan County,2548,0,NC,138323,North Carolina,0,0.018420653,279.795,84.08656338
Florence County,3039,4,SC,138326,South Carolina,2.89172E-05,0.021969839,488.195,9.258595438
Johnson County,3175,27,IA,139155,Iowa,0.000194028,0.022816284,724.692,213.4796576
Citrus County,2660,3,FL,139271,Florida,2.15407E-05,0.019099454,581.696,239.4223099
Napa County,4036,23,CA,140326,California,0.000163904,0.028761598,748.362,187.510857
Orange County,3089,58,NC,140352,North Carolina,0.000413247,0.022008949,398.387,49.63264364
Jackson County,2237,2,MS,140450,Mississippi,1.42399E-05,0.015927376,464.348,62.83649332
Cambria County,3333,0,PA,140499,Pennsylvania,0,0.023722589,688.351,204.1095313
Monroe County,2895,11,IN,141888,Indiana,7.75259E-05,0.020403417,608.286,274.7852162
Indian River County,3972,16,FL,141994,Florida,0.000112681,0.027973013,502.872,282.3660892
Randolph County,2534,2,NC,142577,North Carolina,1.40275E-05,0.017772853,452.379,56.64940238
Guadalupe County,1875,2,TX,143183,Texas,1.39681E-05,0.01309513,711.3,201.2976241
Kootenai County,4340,6,ID,144265,Idaho,4.15901E-05,0.030083527,1244.125,115.9569979
Dorchester County,2110,2,SC,145397,South Carolina,1.37554E-05,0.014511991,540.765,60.39592059
Johnson County,3043,3,IN,145535,Indiana,2.06136E-05,0.02090906,614.04,226.6220442
Sussex County,3262,2,NJ,145992,New Jersey,1.36994E-05,0.02234369,519.014,281.28721
Rankin County,3445,14,MS,146767,Mississippi,9.53893E-05,0.023472579,775.485,189.2583351
Merrimack County,4021,14,NH,146849,New Hampshire,9.5336E-05,0.027381868,934.116,157.2063855
Schuylkill County,2798,6,PA,146920,Pennsylvania,4.08386E-05,0.019044378,778.634,188.6894228
Paulding County,1715,0,GA,146950,Georgia,0,0.011670636,312.219,470.6632204
Rock Island County,3253,11,IL,147258,Illinois,7.46988E-05,0.022090481,427.636,344.3536091
Santa Fe County,4711,24,NM,147423,New Mexico,0.000162797,0.031955665,1909.414,77.20850481
Mesa County,4428,6,CO,147554,Colorado,4.06631E-05,0.030009353,3328.974,44.32416715
Houston County,2314,1,GA,147658,Georgia,6.77241E-06,0.015671349,552.058,34.05258143
Washington County,4192,7,UT,147800,Utah,4.73613E-05,0.028362652,1080.207,15.62385728
Fairfield County,2568,5,OH,148867,Ohio,3.3587E-05,0.017250297,624.89,1504.111124
Alexandria city,4631,63,VA,148892,Virginia,0.000423125,0.031103081,15.027,9908.298396
Olmsted County,3487,10,MN,149226,Minnesota,6.70125E-05,0.023367242,653.349,228.4016659
Ector County,3576,1,TX,149378,Texas,6.69443E-06,0.023939268,897.687,166.4032118
Washington County,3416,4,MD,149588,Maryland,2.67401E-05,0.022836056,603.954,56.53907417
Monroe County,2294,1,MI,150376,Michigan,6.65E-06,0.015255094,385.011,86.9923197
Lee County,2496,8,AL,150933,Alabama,5.30037E-05,0.016537139,449.951,189.6650969
Kings County,1571,3,CA,150960,California,1.98728E-05,0.01040673,70.816,36604.00192
Martin County,5139,10,FL,151263,Florida,6.611E-05,0.033973939,914.944,5.80581981
Tolland County,2393,4,CT,151377,Connecticut,2.64241E-05,0.015808214,410.214,369.0195849
Midland County,4969,4,TX,151468,Texas,2.64082E-05,0.032805609,900.299,168.2418841
Franklin County,3013,1,PA,152085,Pennsylvania,6.57527E-06,0.01981129,575.816,5.357614238
Stearns County,4316,15,MN,152092,Minnesota,9.86245E-05,0.028377561,1343.133,113.2367383
Madera County,1880,0,CA,152389,California,0,0.012336848,2137.069,71.30747767
Charles County,2620,2,MD,152864,Maryland,1.30835E-05,0.017139418,457.749,333.9472069
Penobscot County,4097,9,ME,153364,Maine,5.86839E-05,0.026714222,3397.362,45.14208377
Hendricks County,2943,5,IN,153879,Indiana,3.24931E-05,0.019125417,406.911,378.1637754
Yellowstone County,5516,1,MT,154162,Montana,6.48668E-06,0.035780543,2633.294,58.54340609
Alamance County,3155,0,NC,154378,North Carolina,0,0.02043685,423.943,364.1480105
Johnson County,2628,2,TX,154707,Texas,1.29277E-05,0.01698695,376.051,13.67899567
Bibb County,4051,11,GA,154721,Georgia,7.10957E-05,0.026182613,622.582,36.1590923
Catawba County,4038,1,NC,154810,North Carolina,6.45953E-06,0.026083586,398.721,388.2664821
Berrien County,3604,3,MI,155252,Michigan,1.93234E-05,0.023213872,567.747,273.4527879
Schenectady County,3060,10,NY,155333,New York,6.43778E-05,0.019699613,204.516,759.515148
Centre County,3250,11,PA,155403,Pennsylvania,7.07837E-05,0.020913367,1109.921,140.0126676
Ellis County,2609,7,TX,155976,Texas,4.48787E-05,0.016726932,899.912,32.29315755
Ouachita Parish,4174,1,LA,156220,Louisiana,6.40123E-06,0.02671873,610.406,255.9280217
Sullivan County,3289,2,TN,156595,Tennessee,1.27718E-05,0.021003225,449.94,14.11521536
Cumberland County,2892,1,NJ,157332,New Jersey,6.35599E-06,0.018381512,545.459,442.2183885
Chittenden County,5510,73,VT,159515,Vermont,0.000457637,0.034542206,536.578,297.2820354
Hampshire County,3555,16,MA,159596,Massachusetts,0.000100253,0.022274994,640.249,36.61856559
Rensselaer County,2978,27,NY,159918,New York,0.000168837,0.018622044,652.431,245.1109773
Maui County,4399,7,HI,160202,Hawaii,4.36948E-05,0.027459083,1161.521,137.9243251
Jackson County,2945,2,MI,160369,Michigan,1.24712E-05,0.018363898,604.462,1124.960709
Wyandotte County,3037,27,KS,160384,Kansas,0.000168346,0.018935804,151.6,1057.941953
St. Clair County,3066,2,MI,160469,Michigan,1.24635E-05,0.019106494,669.983,14.16006078
Rock County,3194,4,WI,160739,Wisconsin,2.48851E-05,0.019870722,482.455,19.73241028
Santa Rosa County,2468,1,FL,161096,Florida,6.20748E-06,0.015320058,1011.605,159.2479278
Pueblo County,3029,5,CO,161451,Colorado,3.09691E-05,0.01876111,2386.104,67.66301888
Cass County,5168,14,ND,162829,North Dakota,8.59798E-05,0.031738818,1764.937,92.25768399
Kenton County,3009,11,KY,163145,Kentucky,6.74247E-05,0.018443716,160.25,1018.065523
Greene County,3014,3,OH,163204,Ohio,1.83819E-05,0.018467685,575.949,65.69678913
Davidson County,2749,2,NC,163420,North Carolina,1.22384E-05,0.016821686,504.033,1306.664445
Portage County,2966,5,OH,163862,Ohio,3.05135E-05,0.018100597,487.381,336.209249
Aiken County,2665,4,SC,164176,South Carolina,2.43641E-05,0.01623258,1071.034,153.287384
Iredell County,4350,5,NC,164517,North Carolina,3.0392E-05,0.026441036,573.833,286.6983948
Charlotte County,3688,1,FL,164736,Florida,6.07032E-06,0.022387335,680.279,242.1594669
Kent County,4629,13,RI,165035,Rhode Island,7.87712E-05,0.028048596,846.948,734.0474268
Middlesex County,4141,12,CT,165562,Connecticut,7.24804E-05,0.025011778,130.306,82.59021073
Deschutes County,6075,42,OR,165954,Oregon,0.000253082,0.03660653,3018.186,54.98468285
Porter County,3442,3,IN,166557,Indiana,1.80119E-05,0.020665598,418.153,398.3159274
Monroe County,3351,4,PA,167148,Pennsylvania,2.39309E-05,0.020048101,607.122,12.65314055
Carroll County,4251,2,MD,167564,Maryland,1.19357E-05,0.025369411,599.252,47.58098429
Kenosha County,3018,1,WI,167757,Wisconsin,5.961E-06,0.017990307,271.99,616.7763521
DeSoto County,2609,2,MS,168240,Mississippi,1.18878E-05,0.015507608,637.059,54.18179478
Licking County,2885,1,OH,168375,Ohio,5.93912E-06,0.017134373,682.5,246.7032967
Sumner County,2933,3,TN,168888,Tennessee,1.77633E-05,0.017366539,529.449,318.9882312
Sarpy County,3335,3,NE,169331,Nebraska,1.77168E-05,0.019695153,238.99,708.5275535
Kent County,3157,3,DE,169416,Delaware,1.77079E-05,0.018634604,168.528,979.2734738
Winnebago County,3471,2,WI,169541,Wisconsin,1.17966E-05,0.020472924,400.489,26.35278372
Beaver County,3424,5,PA,170115,Pennsylvania,2.93919E-05,0.020127561,434.712,391.3280517
Scott County,4393,3,IA,170385,Iowa,1.76072E-05,0.025782786,609.185,46.41118872
Boone County,4435,26,MO,170773,Missouri,0.000152249,0.025970148,685.414,249.1530666
Muskegon County,3127,4,MI,171008,Michigan,2.33907E-05,0.018285694,499.246,342.5325391
Beaufort County,4798,9,SC,171838,South Carolina,5.23749E-05,0.027921647,827.192,57.37966518
Pitt County,3517,8,NC,174263,North Carolina,4.59076E-05,0.020182138,651.975,267.2847885
Hernando County,2981,2,FL,174441,Florida,1.14652E-05,0.017088872,472.539,369.1568315
McLean County,3719,2,IL,174647,Illinois,1.14517E-05,0.021294382,1183.378,147.5834433
Medina County,3988,10,OH,174915,Ohio,5.71706E-05,0.022799646,1325.356,35.76322135
Bay County,4375,7,FL,174987,Florida,4.0003E-05,0.025001857,758.459,230.7138553
Hays County,3540,18,TX,176026,Texas,0.000102258,0.020110665,677.978,259.6337934
Imperial County,2414,0,CA,176584,California,0,0.013670548,4176.603,42.27933562
Johnston County,3035,2,NC,177967,North Carolina,1.1238E-05,0.017053723,791.299,224.9048716
Shawnee County,4247,2,KS,178831,Kansas,1.11837E-05,0.023748679,544.016,328.7237875
Shasta County,4122,5,CA,178980,California,2.79361E-05,0.023030506,3775.402,47.40687217
Minnehaha County,5497,17,SD,179640,South Dakota,9.46337E-05,0.030600089,807.147,222.5616895
Tippecanoe County,3357,31,IN,180174,Indiana,0.000172056,0.018631989,499.806,360.4878693
Outagamie County,4880,9,WI,180345,Wisconsin,4.99043E-05,0.027059248,637.523,282.8839116
Ulster County,4678,8,NY,180998,New York,4.41994E-05,0.025845589,1124.235,160.9965888
Vanderburgh County,4965,2,IN,181398,Indiana,1.10255E-05,0.027370754,233.475,776.9482814
El Dorado County,4229,12,CA,181737,California,6.60295E-05,0.02326989,1707.883,106.410685
Newport News city,3712,10,VA,182020,Virginia,5.4939E-05,0.020393363,68.714,2648.950723
Montgomery County,2657,1,TN,184119,Tennessee,5.43127E-06,0.014430884,239.523,37.66235393
Livingston County,4156,7,MI,184443,Michigan,3.79521E-05,0.022532707,565.254,326.3010965
Benton County,4003,3,WA,184486,Washington,1.62614E-05,0.021698123,675.941,128.104376
Delaware County,4133,16,OH,184979,Ohio,8.64963E-05,0.022343077,443.098,417.4674677
Onslow County,2742,0,NC,185220,North Carolina,0,0.014804017,762.744,242.8337686
Butler County,4754,6,PA,185476,Pennsylvania,3.23492E-05,0.025631349,788.604,235.1953579
Litchfield County,4780,4,CT,186924,Connecticut,2.13991E-05,0.02557189,920.56,203.0546624
Cabarrus County,4016,0,NC,187226,North Carolina,0,0.021450012,361.749,517.5577541
Hall County,3940,3,GA,187745,Georgia,1.59791E-05,0.020985912,392.782,477.9877897
Peoria County,4549,5,IL,188429,Illinois,2.65352E-05,0.024141719,619.209,304.3059775
Anderson County,3638,3,SC,190641,South Carolina,1.57364E-05,0.019082988,579.646,13.62383248
Hawaii County,3917,4,HI,190821,Hawaii,2.09621E-05,0.020527091,4028.417,47.36873069
Kanawha County,5174,2,WV,191275,West Virginia,1.04561E-05,0.027050059,901.587,212.1536801
Okaloosa County,5024,5,FL,193811,Florida,2.57983E-05,0.025922161,930.247,208.3435905
Berkeley County,2719,0,SC,194020,South Carolina,0,0.014014019,321.142,338.4982344
Racine County,3963,2,WI,195041,Wisconsin,1.02543E-05,0.020318805,332.501,586.5877095
Calcasieu Parish,4331,1,LA,195296,Louisiana,5.12043E-06,0.022176593,1063.659,183.6077164
Forsyth County,5505,4,GA,195405,Georgia,2.04703E-05,0.028172258,408.148,885.0220998
Baldwin County,4865,3,AL,195540,Alabama,1.53421E-05,0.02487982,1589.784,122.9978412
Clay County,3594,2,FL,196399,Florida,1.01834E-05,0.018299482,468.316,28.96762015
Harrison County,4099,1,MS,196500,Mississippi,5.08906E-06,0.020860051,573.994,342.3380732
Saginaw County,4343,5,MI,196542,Michigan,2.54399E-05,0.022097058,800.114,245.6424959
Broome County,4286,6,NY,197534,New York,3.03745E-05,0.021697531,705.766,279.8859679
Canyon County,3620,2,ID,198871,Idaho,1.00568E-05,0.018202755,587.37,338.5787493
Williamson County,6211,158,TN,198901,Tennessee,0.000794365,0.03122659,1118.303,421.1863869
Sangamon County,5064,6,IL,199145,Illinois,3.01288E-05,0.025428708,868.302,229.3499266
York County,5434,17,ME,199431,Maine,8.52425E-05,0.027247519,904.181,485.4835481
Clermont County,3515,7,OH,200218,Ohio,3.49619E-05,0.017555864,452.1,442.8621986
St. Louis County,5293,9,MN,200540,Minnesota,4.48788E-05,0.026393737,507.8,1972.122883
Elkhart County,4832,5,IN,200563,Indiana,2.49298E-05,0.024092181,463.17,433.0224324
Tuscaloosa County,3997,2,AL,200821,Alabama,9.95912E-06,0.019903297,1321.755,151.9351166
Yuma County,2845,0,AZ,201201,Arizona,0,0.014140089,2364.405,4.293257712
Richmond County,4293,0,GA,202003,Georgia,0,0.02125216,473.821,97.93782884
Muscogee County,4243,4,GA,202824,Georgia,1.97215E-05,0.020919615,216.385,937.3292973
Mohave County,3600,3,AZ,203030,Arizona,1.47761E-05,0.01773137,13311.084,15.25270218
Brazos County,3987,16,TX,203164,Texas,7.87541E-05,0.01962454,585.445,347.0249127
Shelby County,4836,4,AL,204180,Alabama,1.95906E-05,0.023684984,763.174,1230.997125
Yolo County,3871,32,CA,204593,California,0.000156408,0.018920491,1014.689,201.6312387
Champaign County,4126,61,IL,204897,Illinois,0.000297711,0.020136947,996.266,205.6649529
Whatcom County,6212,17,WA,206353,Washington,8.23831E-05,0.030103754,2106.857,97.94352441
Trumbull County,4125,2,OH,206442,Ohio,9.68795E-06,0.019981399,618.297,333.8880829
Sussex County,5334,18,DE,206649,Delaware,8.71042E-05,0.025811884,936.079,220.7602136
Washington County,5026,6,PA,208206,Pennsylvania,2.88176E-05,0.024139554,724.741,68.55966476
Jackson County,5855,15,OR,208545,Oregon,7.19269E-05,0.028075475,1613.723,0.845870078
Gaston County,3892,2,NC,209420,North Carolina,9.55019E-06,0.018584662,356.027,588.2138152
St. Johns County,5301,29,FL,209647,Florida,0.000138328,0.025285361,600.655,349.0306415
Henry County,3348,6,GA,211128,Georgia,2.84188E-05,0.015857679,382.334,137.6205098
Union County,4091,4,NC,212756,North Carolina,1.88009E-05,0.0192286,413.459,42.52658667
New Hanover County,6796,20,NC,213267,North Carolina,9.37792E-05,0.031866158,191.534,1113.468105
Dona Ana County,3550,4,NM,213460,New Mexico,1.87389E-05,0.01663075,3815,55.95281782
Lackawanna County,5387,10,PA,213931,Pennsylvania,4.6744E-05,0.025181016,459.078,466.0014202
Richmond city,5981,0,VA,214114,Virginia,0,0.027933718,59.805,3580.202324
Niagara County,4444,0,NY,214249,New York,0,0.020742221,522.359,410.1566164
Barnstable County,8319,19,MA,214990,Massachusetts,8.83762E-05,0.038694823,393.723,546.0437922
Yavapai County,5541,1,AZ,215133,Arizona,4.64829E-06,0.02575616,8123.499,26.48280008
Smith County,5656,3,TX,216080,Texas,1.38837E-05,0.026175491,895.465,4.138631884
Linn County,5393,18,IA,216111,Iowa,8.32905E-05,0.024954769,2290.129,51.85952407
Washington County,4918,108,AR,216410,Arkansas,0.000499053,0.022725382,582.803,42.25098361
Warren County,3914,19,OH,219169,Ohio,8.66911E-05,0.017858365,428.601,76.99235419
Jefferson County,3958,0,MO,221396,Missouri,0,0.017877468,532.574,35.3246685
Butte County,4630,19,CA,222090,California,8.55509E-05,0.020847404,1636.464,135.7133429
Saratoga County,5114,7,NY,223865,New York,3.12688E-05,0.022844125,809.984,276.3820026
Arlington County,6201,126,VA,224906,Virginia,0.000560234,0.027571519,25.974,8658.889659
Cherokee County,4828,5,GA,225106,Georgia,2.22118E-05,0.021447674,587.568,35.7031016
Montgomery County,5518,9,AL,226659,Alabama,3.97072E-05,0.024344941,703.687,42.14089503
Lake County,6073,11,OH,229857,Ohio,4.78558E-05,0.026420775,567.37,20.06803321
Clay County,4773,5,MO,230473,Missouri,2.16945E-05,0.020709584,603.961,22.32925636
Chesapeake city,5320,2,VA,230571,Virginia,8.67412E-06,0.023073153,340.8,676.5580986
Lafayette Parish,8310,8,LA,230845,Louisiana,3.46553E-05,0.035998181,268.72,859.0540339
Oneida County,4840,3,NY,233585,New York,1.28433E-05,0.020720509,1200.061,3.562318915
Mahoning County,5562,9,OH,233869,Ohio,3.84831E-05,0.023782545,411.623,568.1631007
Benton County,5439,28,AR,237297,Arkansas,0.000117996,0.022920644,716.265,35.8791788
Weber County,4994,24,UT,238519,Utah,0.000100621,0.020937535,576.084,414.035106
York County,4538,3,SC,239363,South Carolina,1.25333E-05,0.018958653,104.78,632.4584844
Cumberland County,5709,5,PA,241212,Pennsylvania,2.07287E-05,0.023667977,681.025,84.38163063
Frederick County,5945,36,MD,241409,Maryland,0.000149125,0.024626257,660.221,365.6487752
McLennan County,5005,3,TX,241481,Texas,1.24233E-05,0.020726268,1037.101,232.8423172
St. Tammany Parish,6146,6,LA,242333,Louisiana,2.47593E-05,0.025361796,845.551,286.5977333
Hinds County,5431,1,MS,244899,Mississippi,4.08332E-06,0.022176489,869.741,281.5769292
Norfolk city,5366,10,VA,246139,Virginia,4.06275E-05,0.02180069,54.12,4548.022912
Washington County,5512,6,MN,246603,Minnesota,2.43306E-05,0.022351715,568.835,38.70190829
Yakima County,4601,1,WA,247044,Washington,4.04786E-06,0.018624213,4295.396,57.51367278
Buncombe County,7387,26,NC,247912,North Carolina,0.000104876,0.029796863,656.672,377.5278983
Harford County,5313,6,MD,249215,Maryland,2.40756E-05,0.021318941,437.089,570.1699196
Jefferson County,5603,3,TX,252358,Texas,1.18879E-05,0.022202585,656.629,337.1706093
Alachua County,5843,81,FL,253451,Florida,0.000319588,0.023053766,875.02,289.6516651
Kitsap County,5592,16,WA,253968,Washington,6.30001E-05,0.022018522,394.941,643.053013
Brown County,6293,6,WI,254586,Wisconsin,2.35677E-05,0.024718563,570.872,17.5118065
Caddo Parish,6297,6,LA,254887,Louisiana,2.35398E-05,0.024705065,878.539,290.1259933
Kalamazoo County,5487,47,MI,256725,Michigan,0.000183075,0.021373065,561.658,457.0842043
Marin County,9642,173,CA,258365,California,0.000669595,0.037319296,520.306,496.5635607
Thurston County,5832,7,WA,262388,Washington,2.6678E-05,0.022226626,721.961,363.4379142
Webb County,5086,0,TX,262495,Texas,0,0.019375607,3361.482,78.08906905
Merced County,2847,2,CA,263228,California,7.59798E-06,0.010815719,1934.972,136.0371106
Clayton County,3756,2,GA,264220,Georgia,7.56945E-06,0.014215427,141.57,1866.355866
St. Joseph County,5770,11,IN,266709,Indiana,4.12435E-05,0.021634066,500.591,121.7840513
St. Clair County,5317,1,IL,266955,Illinois,3.74595E-06,0.019917215,721.17,222.5120291
Madison County,5847,5,IL,267225,Illinois,1.87108E-05,0.021880438,572.743,61.59481652
Cleveland County,5522,12,OK,269340,Oklahoma,4.45534E-05,0.020501968,597.783,14.37478148
Santa Cruz County,6774,72,CA,269419,California,0.000267242,0.025142993,1236.916,37.81016658
Weld County,5370,6,CO,269785,Colorado,2.22399E-05,0.019904739,3987.238,67.66212601
Dauphin County,6700,14,PA,270937,Pennsylvania,5.16725E-05,0.024728996,525.047,516.0242797
Ottawa County,5756,7,MI,272701,Michigan,2.56691E-05,0.021107367,470.821,68.48674974
Lexington County,6158,2,SC,273752,South Carolina,7.30588E-06,0.022494813,698.913,391.6825127
New London County,5688,14,CT,274150,Connecticut,5.10669E-05,0.020747766,664.878,412.3312848
Atlantic County,6476,20,NJ,275862,New Jersey,7.25E-05,0.023475506,555.704,496.4189569
San Luis Obispo County,7864,31,CA,276443,California,0.000112139,0.028447094,3298.567,83.80699861
Chatham County,7212,4,GA,278434,Georgia,1.43661E-05,0.025902009,682.185,97.94557195
Erie County,6218,7,PA,280294,Pennsylvania,2.49738E-05,0.02218385,251.558,302.3080164
Rutherford County,4649,1,TN,281029,Tennessee,3.55835E-06,0.016542777,564.151,118.6845366
Leon County,7389,10,FL,281845,Florida,3.54805E-05,0.026216537,1073.151,15.60078684
Ingham County,6118,29,MI,282234,Michigan,0.000102752,0.021677048,556.12,507.5055743
Greene County,8183,7,MO,283870,Missouri,2.46592E-05,0.028826576,712.755,19.98442663
Cumberland County,10884,58,ME,285456,Maine,0.000203184,0.038128468,835.241,341.7648319
St. Lucie County,5055,12,FL,286832,Florida,4.18363E-05,0.017623557,571.926,501.5194273
Durham County,6760,349,NC,288133,North Carolina,0.001211246,0.023461388,285.975,1007.546114
Lubbock County,6910,7,TX,289324,Texas,2.41943E-05,0.023883259,895.599,323.0508297
Horry County,8207,10,SC,289650,South Carolina,3.45244E-05,0.028334196,1133.896,255.4467076
Gloucester County,5887,6,NJ,290265,New Jersey,2.06708E-05,0.020281467,217.807,169.1130221
Winnebago County,6464,4,IL,290666,Illinois,1.37615E-05,0.022238583,434.487,390.2096035
Spartanburg County,6122,15,SC,290969,South Carolina,5.15519E-05,0.021040042,807.926,360.1431319
Hamilton County,8063,63,IN,296693,Indiana,0.000212341,0.027176239,835.914,9.941214048
Dutchess County,7499,9,NY,296916,New York,3.03116E-05,0.025256301,795.63,373.183515
Lancaster County,8028,50,NE,297036,Nebraska,0.00016833,0.027027027,837.548,354.6495246
Osceola County,5080,14,FL,298504,Florida,4.69005E-05,0.017018197,398.684,15.5787541
Rockingham County,9404,81,NH,299134,New Hampshire,0.000270782,0.031437416,849.086,91.55845227
Northampton County,6193,33,PA,299791,Pennsylvania,0.000110077,0.020657725,369.671,810.9670491
Anchorage Municipality,8579,20,AK,300950,Alaska,6.64562E-05,0.028506396,1704.683,176.5430875
Lorain County,5523,10,OH,302827,Ohio,3.30222E-05,0.018238136,491.101,616.6287586
Howard County,8924,110,MD,304580,Maryland,0.000361153,0.029299363,900.791,40.12806522
Escambia County,6572,13,FL,305817,Florida,4.25091E-05,0.021489976,945.08,40.19024844
Douglas County,8024,10,CO,305963,Colorado,3.26837E-05,0.026225393,709.719,66.38965562
Galveston County,5366,26,TX,306782,Texas,8.47507E-05,0.017491248,378.358,810.8246687
Albany County,9386,8,NY,306945,New York,2.60633E-05,0.030578768,4273.84,8.756060124
McHenry County,7683,3,IL,307409,Illinois,9.75899E-06,0.024992762,1873.954,3.16016295
Lake County,6519,7,FL,308034,Florida,2.27248E-05,0.021163248,498.961,984.9587443
Fayette County,8427,69,KY,308428,Kentucky,0.000223715,0.027322422,730.811,28.05376493
Boulder County,11676,651,CO,310048,Colorado,0.002099675,0.037658685,726.289,426.8934267
Larimer County,9713,62,CO,315988,Colorado,0.00019621,0.030738509,2596.002,121.7210156
St. Louis city,9748,66,MO,318416,Missouri,0.000207276,0.030614039,61.909,5143.290959
Henrico County,8835,27,VA,318611,Virginia,8.47428E-05,0.027729739,233.697,1363.350835
Luzerne County,7147,10,PA,320103,Pennsylvania,3.12399E-05,0.022327188,890.333,359.5317707
Rockland County,9403,19,NY,320903,New York,5.92079E-05,0.029301689,173.55,1849.052146
Davis County,6493,17,UT,322094,Utah,5.27796E-05,0.020158711,502.188,17.50539639
Marion County,7675,4,OR,323614,Oregon,1.23604E-05,0.023716526,572.363,67.47815634
Cumberland County,5652,0,NC,325871,North Carolina,0,0.017344287,483.703,325.2657106
Bell County,4861,5,TX,326843,Texas,1.52979E-05,0.014872584,359,77.67409471
Chesterfield County,6905,8,VA,327745,Virginia,2.44092E-05,0.021068209,799.075,57.81309639
Brazoria County,5110,5,TX,330242,Texas,1.51404E-05,0.015473501,1357.701,243.2361764
Somerset County,9882,95,NJ,330585,New Jersey,0.000287369,0.029892463,3924.403,13.1755072
Marion County,6781,4,FL,337362,Florida,1.18567E-05,0.020100071,498.16,56.95760398
Anoka County,7328,6,MN,339534,Minnesota,1.76713E-05,0.021582522,423.01,802.6618756
Collier County,10612,28,FL,339642,Florida,8.24397E-05,0.031244663,1998.324,169.9634294
Manatee County,7920,10,FL,342106,Florida,2.92307E-05,0.023150719,742.931,460.4815252
Madison County,8066,48,AL,346892,Alabama,0.000138372,0.023252194,714.506,140.5334595
Hamilton County,8677,90,TN,348673,Tennessee,0.000258122,0.024885781,513.79,27.93748419
Loudoun County,8964,132,VA,349679,Virginia,0.000377489,0.025634939,515.561,678.2495185
Nueces County,7846,3,TX,352107,Texas,8.52014E-06,0.022282999,838.482,419.9338805
Washtenaw County,7948,229,MI,354240,Michigan,0.000646454,0.022436766,705.965,501.7812498
Lehigh County,8407,21,PA,355092,Pennsylvania,5.91396E-05,0.023675555,345.166,1028.757178
Lane County,9530,17,OR,356212,Oregon,4.77244E-05,0.026753731,717.455,2.397362901
Forsyth County,8211,25,NC,361220,North Carolina,6.92099E-05,0.022731299,224.021,872.2619754
Westmoreland County,8651,3,PA,362437,Pennsylvania,8.2773E-06,0.023868976,1027.554,352.7182026
Allen County,9019,9,IN,363014,Indiana,2.47924E-05,0.024844772,500.303,26.23210335
Placer County,9691,38,CA,367309,California,0.000103455,0.02638378,1407.009,261.0566102
Mercer County,9669,142,NJ,370414,New Jersey,0.000383355,0.026103225,672.575,171.274579
Butler County,6967,6,OH,371272,Ohio,1.61607E-05,0.018765218,467.056,794.919667
Charleston County,12115,84,SC,372803,South Carolina,0.00022532,0.032497056,916.089,406.9506347
St. Charles County,8076,10,MO,373495,Missouri,2.67741E-05,0.021622779,560.435,666.4376779
Stark County,8273,5,OH,375432,Ohio,1.3318E-05,0.022035948,575.271,652.6176359
Orange County,9134,21,NY,375592,New York,5.59117E-05,0.024318942,687.033,42.08677021
Orleans Parish,8638,51,LA,378715,Louisiana,0.000134666,0.022808708,169.423,2235.322241
Clackamas County,11101,40,OR,388263,Oregon,0.000103023,0.028591444,1870.322,207.591527
Pinal County,3302,5,AZ,389350,Arizona,1.28419E-05,0.008480801,5365.612,72.56394983
Sarasota County,12897,39,FL,390429,Florida,9.98901E-05,0.033032895,555.868,702.3771831
Pulaski County,11983,64,AR,391284,Arkansas,0.000163564,0.030624815,759.763,515.0079696
Waukesha County,12394,29,WI,393843,Wisconsin,7.36334E-05,0.031469393,549.574,716.6332468
Richland County,8635,16,SC,399256,South Carolina,4.00745E-05,0.021627728,495.269,245.8724451
Hillsborough County,10743,145,NH,403985,New Hampshire,0.000358924,0.026592572,1020.214,1265.987332
Dakota County,10073,57,MN,408509,Minnesota,0.000139532,0.024657963,562.168,726.6671173
Berks County,8224,9,PA,413521,Pennsylvania,2.17643E-05,0.019887745,856.506,482.799887
Mobile County,8540,5,AL,414079,Alabama,1.2075E-05,0.020624084,1229.435,336.8043044
Genesee County,7732,7,MI,415376,Michigan,1.68522E-05,0.01861446,492.936,120.6120064
Ada County,12190,89,ID,416464,Idaho,0.000213704,0.029270237,1052.576,395.6616909
Cameron County,6288,1,TX,417276,Texas,2.3965E-06,0.015069163,396.231,12.33119064
Solano County,6661,11,CA,424788,California,2.58953E-05,0.015680763,821.765,516.9215043
Monterey County,8401,3,CA,428826,California,6.99584E-06,0.019590696,3280.595,130.715922
Washoe County,11453,52,NV,433731,Nevada,0.00011989,0.026405768,6302.366,68.82034461
Jefferson Parish,11611,5,LA,434767,Louisiana,1.15004E-05,0.026706259,295.632,1470.63579
Santa Barbara County,11197,238,CA,435697,California,0.000546251,0.025699052,2735.085,159.299254
Seminole County,12619,49,FL,436041,Florida,0.000112375,0.028939939,632.837,40.1778025
Lucas County,9566,24,OH,436393,Ohio,5.49963E-05,0.021920608,430.593,20.31152388
Prince William County,7381,5,VA,438580,Virginia,1.14004E-05,0.016829313,336.402,1303.73779
York County,8551,9,PA,438965,Pennsylvania,2.05028E-05,0.019479913,572.51,24.24935809
Clark County,9714,20,WA,443817,Washington,4.50636E-05,0.0218874,1209.815,28.61181255
Knox County,10947,65,TN,444622,Tennessee,0.000146192,0.024620914,525.494,115.7196847
East Baton Rouge Parish,12044,28,LA,445227,Louisiana,6.28893E-05,0.027051369,455.374,977.7172171
Virginia Beach city,10707,27,VA,448479,Virginia,6.02035E-05,0.023874028,249.016,1801.004755
Burlington County,10527,39,NJ,450838,New Jersey,8.65056E-05,0.023349851,798.576,564.5524033
Polk County,11869,55,IA,451677,Iowa,0.000121768,0.026277628,1797.837,346.5325277
Tulare County,6133,4,CA,454143,California,8.8078E-06,0.013504557,4824.215,94.13821731
Hampden County,9644,12,MA,467319,Massachusetts,2.56784E-05,0.020636867,617.14,757.2333668
Onondaga County,11727,30,NY,468387,New York,6.40496E-05,0.025036989,778.39,601.7382032
Adams County,8543,54,CO,469193,Colorado,0.000115091,0.018207859,462.407,69.39773836
Williamson County,8888,48,TX,471014,Texas,0.000101908,0.018869927,420.149,159.2863484
Richmond County,8916,6,NY,472621,New York,1.26952E-05,0.01886501,191.492,46.75391139
Greenville County,12211,88,SC,474266,South Carolina,0.00018555,0.025747155,785.12,604.0681679
Pasco County,8776,15,FL,475502,Florida,3.15456E-05,0.018456284,746.886,636.6460209
Spokane County,12196,42,WA,479398,Washington,8.76099E-05,0.02544024,1763.791,271.7997767
Lake County,9815,11,IN,491456,Indiana,2.23825E-05,0.019971269,443.67,1584.553835
Sonoma County,13360,149,CA,495025,California,0.000300995,0.026988536,1575.849,314.1322551
Montgomery County,9932,15,TX,499137,Texas,3.00519E-05,0.019898345,424.097,24.57928257
Morris County,16714,108,NJ,499397,New Jersey,0.000216261,0.033468363,695.279,8.257116927
Volusia County,11959,9,FL,500800,Florida,1.79712E-05,0.023879792,1101.032,454.845999
Plymouth County,11907,36,MA,501915,Massachusetts,7.17253E-05,0.02372314,659.075,761.544589
Sedgwick County,11724,9,KS,505415,Kansas,1.78071E-05,0.023196779,548.041,4.30624716
Passaic County,11852,24,NJ,505672,New Jersey,4.74616E-05,0.023438118,184.593,2739.388818
Guilford County,13146,29,NC,506610,North Carolina,5.72432E-05,0.025948955,645.704,784.5855067
Chester County,13903,159,PA,509468,Pennsylvania,0.00031209,0.027289251,750.508,678.8308719
Dane County,13345,248,WI,509939,Wisconsin,0.000486333,0.026169797,1197.239,425.9291587
Camden County,11429,16,NJ,512854,New Jersey,3.1198E-05,0.022285095,613.025,83.97047429
Kane County,12288,3,IL,523643,Illinois,5.72909E-06,0.023466369,520.058,1006.893462
Stanislaus County,8497,3,CA,525491,California,5.70895E-06,0.016169639,1494.827,351.5396765
Ramsey County,13119,95,MN,526714,Minnesota,0.000180364,0.024907255,152.212,3460.397341
Lancaster County,12231,23,PA,529600,Pennsylvania,4.3429E-05,0.023094789,549.16,146.511035
Montgomery County,11444,14,OH,535846,Ohio,2.61269E-05,0.021356882,491.254,2069.55465
Douglas County,15001,103,NE,537256,Nebraska,0.000191715,0.027921512,813.632,16.61070361
Summit County,13353,66,OH,541824,Ohio,0.000121811,0.024644534,412.748,1312.723502
Union County,13639,71,NJ,548256,New Jersey,0.000129502,0.024877065,514.171,54.51493764
New Castle County,15397,148,DE,549684,Delaware,0.000269246,0.028010639,426.286,1289.472326
Brevard County,13066,59,FL,550823,Florida,0.000107112,0.023720869,1015.664,542.3279746
Jefferson County,16203,80,CO,551798,Colorado,0.000144981,0.029364006,1268.59,94.20222452
Utah County,11349,247,UT,551891,Utah,0.000447552,0.020563843,2003.454,275.4697637
Bristol County,12708,52,MA,552780,Massachusetts,9.407E-05,0.022989254,24.164,2036.914418
Washington County,14348,144,OR,554996,Oregon,0.000259461,0.025852439,831.184,75.90738032
Anne Arundel County,13727,86,MD,555743,Maryland,0.000154748,0.024700266,414.902,1339.456064
Delaware County,12589,137,PA,561973,Pennsylvania,0.000243784,0.022401432,577.756,30.3484516
Johnson County,17188,113,KS,566933,Kansas,0.000199318,0.030317515,829.282,65.80632402
Ocean County,12323,16,NJ,583414,New Jersey,2.74248E-05,0.021122222,628.781,927.849283
Arapahoe County,17238,248,CO,607070,Colorado,0.00040852,0.028395407,798.1,760.6440296
Kent County,15558,41,MI,621700,Michigan,6.59482E-05,0.025024932,586.179,289.0175185
Baltimore city,12227,0,MD,622104,Maryland,0,0.01965427,80.944,7685.609804
Tulsa County,18528,47,OK,622409,Oklahoma,7.5513E-05,0.029768207,570.246,1091.474557
Polk County,10898,25,FL,623009,Florida,4.01278E-05,0.017492524,573.795,787.1748621
Bucks County,18907,129,PA,626976,Pennsylvania,0.00020575,0.030155859,604.307,1037.51239
Providence County,15481,189,RI,628600,Rhode Island,0.000300668,0.024627744,409.502,1535.035238
Monmouth County,18940,66,NJ,629672,New Jersey,0.000104816,0.030079152,468.793,1343.177053
District of Columbia,21839,460,DC,646449,District of Columbia,0.00071158,0.033783021,61.048,10589.19211
Denver County,22769,530,CO,649495,Colorado,0.000816019,0.035056467,153,4245.065359
Fort Bend County,10779,34,TX,652365,Texas,5.21181E-05,0.016522959,861.481,757.2598815
El Paso County,15974,62,CO,655044,Colorado,9.46501E-05,0.024386148,2126.801,307.9949652
Davidson County,18265,413,TN,658602,Tennessee,0.000627086,0.027732986,552.675,295.6891482
Jefferson County,16168,74,AL,659479,Alabama,0.00011221,0.024516323,870.746,84.05551102
Hudson County,12830,120,NJ,660282,New Jersey,0.000181741,0.019431092,46.191,14294.60284
Lee County,16390,34,FL,661115,Florida,5.14283E-05,0.024791451,607.536,248.4346607
Bernalillo County,15773,137,NM,674221,New Mexico,0.000203197,0.023394406,1160.828,580.8104215
Jackson County,17017,59,MO,679996,Missouri,8.67652E-05,0.025025147,987.72,20.90066011
Will County,14349,11,IL,682829,Illinois,1.61095E-05,0.021014046,836.908,815.8949371
Norfolk County,19543,239,MA,687802,Massachusetts,0.000347484,0.0284137,396.105,1736.413325
Lake County,19567,78,IL,703019,Illinois,0.00011095,0.027832818,1490.15,19.47253632
San Joaquin County,10647,7,CA,704379,California,9.93783E-06,0.015115442,1391.322,506.265983
DeKalb County,16006,44,GA,713340,Georgia,6.16817E-05,0.022438108,631.307,165.9113553
Cobb County,19106,48,GA,717190,Georgia,6.69279E-05,0.026640081,339.549,2112.184103
Denton County,12489,59,TX,728799,Texas,8.09551E-05,0.017136412,878.432,829.6589833
Snohomish County,17195,21,WA,745913,Washington,2.81534E-05,0.023052286,2087.273,357.3624533
San Mateo County,20279,3141,CA,747373,California,0.004202721,0.027133707,448.408,1666.725393
Monroe County,17389,102,NY,749606,New York,0.000136071,0.02319752,765.094,47.20465721
Oklahoma County,22894,55,OK,755245,Oklahoma,7.28241E-05,0.030313342,708.819,1065.49768
Suffolk County,19982,1470,MA,755503,Massachusetts,0.001945724,0.026448604,58.154,12991.41933
Jefferson County,19200,89,KY,756832,Kentucky,0.000117595,0.025368906,1093.501,24.61268897
Essex County,18241,222,MA,762550,Massachusetts,0.000291128,0.023921054,492.563,1548.126839
Multnomah County,25302,472,OR,766135,Oregon,0.000616079,0.033025511,431.297,1776.351331
Essex County,18722,123,NJ,789565,New Jersey,0.000155782,0.023711791,257.123,43.67170576
Hamilton County,20799,245,OH,804520,Ohio,0.000304529,0.025852682,576.751,26.5487186
Worcester County,17589,176,MA,809106,Massachusetts,0.000217524,0.021738808,468.281,110.2329584
Montgomery County,25893,243,PA,812376,Pennsylvania,0.000299123,0.031873172,1041.735,479.1400884
Hidalgo County,11655,4,TX,815996,Texas,4.90198E-06,0.014283158,1570.865,519.4564778
Pierce County,16553,27,WA,819743,Washington,3.29372E-05,0.020192914,573.748,71.41811388
Baltimore County,19742,353,MD,823015,Maryland,0.000428911,0.023987412,598.302,1375.584571
El Paso County,13777,6,TX,827718,Texas,7.24885E-06,0.016644558,1012.693,817.3434595
Middlesex County,21476,171,NJ,828919,New Jersey,0.000206293,0.025908442,308.914,2683.332578
San Francisco County,32266,7422,CA,837442,California,0.008862703,0.038529235,46.873,17866.19162
Ventura County,20062,104,CA,839620,California,0.000123866,0.023894143,1843.133,455.5395623
Macomb County,18304,10,MI,854769,Michigan,1.16991E-05,0.021413973,479.223,1783.656043
Collin County,19833,192,TX,854778,Texas,0.00022462,0.023202516,841.225,1016.111029
Gwinnett County,21512,157,GA,859304,Georgia,0.000182706,0.025034214,430.383,1996.603026
New Haven County,19390,228,CT,862287,Connecticut,0.000264413,0.022486713,604.506,1426.432492
Kern County,12315,53,CA,864124,California,6.13338E-05,0.014251427,8131.916,106.2632718
Duval County,23721,61,FL,885855,Florida,6.886E-05,0.02677752,1793.481,6.490171906
Prince George's County,14253,87,MD,890081,Maryland,9.77439E-05,0.016013149,482.691,1843.997506
Hartford County,22542,130,CT,898272,Connecticut,0.000144722,0.025094849,735.097,1221.977508
Erie County,22465,97,NY,919866,New York,0.00010545,0.024422035,1042.693,882.2021439
Bergen County,31462,162,NJ,925328,New Jersey,0.000175073,0.034000916,233.009,3971.211412
Marion County,22649,249,IN,928281,Indiana,0.000268238,0.024398862,1182.326,273.7096199
Pinellas County,26685,118,FL,929048,Florida,0.000127012,0.028722951,273.799,3393.175286
DuPage County,33226,157,IL,932126,Illinois,0.000168432,0.035645396,327.499,2846.19495
Shelby County,19343,172,TN,939465,Tennessee,0.000183083,0.020589378,758.523,29.16061873
Fairfield County,26916,308,CT,939904,Connecticut,0.000327693,0.028636967,686.277,33.6729921
Fresno County,15938,21,CA,955272,California,2.19833E-05,0.016684253,5957.991,160.3345826
Milwaukee County,19296,63,WI,956023,Wisconsin,6.5898E-05,0.020183615,241.402,3960.294447
Westchester County,31613,118,NY,968802,New York,0.0001218,0.032631023,430.497,2250.426832
Wake County,25981,465,NC,974289,North Carolina,0.000477271,0.026666626,835.219,1166.507227
Honolulu County,21115,91,HI,983429,Hawaii,9.25334E-05,0.021470793,600.743,1637.021155
Fulton County,33715,1014,GA,984293,Georgia,0.001030181,0.034253012,865.595,41.98961408
Mecklenburg County,28599,191,NC,990977,North Carolina,0.000192739,0.028859398,625.485,50.24261173
Pima County,19915,98,AZ,996554,Arizona,9.83389E-05,0.019983864,9187.036,108.4739409
St. Louis County,30756,344,MO,1001444,Missouri,0.000343504,0.030711652,6247.401,32.09974836
Montgomery County,26670,505,MD,1016677,Maryland,0.000496716,0.02623252,779.88,11.83002513
Salt Lake County,29790,489,UT,1079721,Utah,0.000452895,0.027590461,742.282,1454.59677
Contra Costa County,22286,205,CA,1094205,California,0.000187351,0.020367299,715.937,1528.353752
Travis County,31008,1571,TX,1120954,Texas,0.001401485,0.027662152,990.202,1132.045785
Fairfax County,29440,550,VA,1130924,Virginia,0.000486328,0.026031811,390.969,2892.618085
Hennepin County,39032,580,MN,1198778,Minnesota,0.000483826,0.032559823,553.591,2165.457892
Franklin County,26982,212,OH,1212263,Ohio,0.00017488,0.022257546,690.426,81.59455177
Orange County,33178,179,FL,1225267,Florida,0.000146091,0.02707818,811.686,462.7306619
Allegheny County,33457,664,PA,1231527,Pennsylvania,0.000539168,0.027167086,730.075,1686.849981
Oakland County,38282,167,MI,1231640,Michigan,0.000135592,0.031082134,867.663,1419.491208
Cuyahoga County,32879,383,OH,1263154,Ohio,0.000303209,0.026029289,457.191,2762.858411
Hillsborough County,33200,173,FL,1291578,Florida,0.000133945,0.02570499,876.139,461.0969264
Nassau County,47619,96,NY,1352146,New York,7.09983E-05,0.035217351,648.639,116.7213196
Palm Beach County,44180,312,FL,1372171,Florida,0.000227377,0.032197153,1969.763,696.6173088
Bronx County,17044,5,NY,1418733,New York,3.52427E-06,0.012013536,42.096,33702.32326
Sacramento County,27520,119,CA,1462131,California,8.13881E-05,0.018821843,964.644,1515.720826
Suffolk County,48625,109,NY,1499738,New York,7.26794E-05,0.03242233,912.051,1644.357607
Middlesex County,42674,3530,MA,1552802,Massachusetts,0.00227331,0.027481933,369.301,448.3118107
Philadelphia County,27122,375,PA,1553165,Pennsylvania,0.000241442,0.017462407,134.101,11582.05383
Alameda County,37020,1392,CA,1578891,California,0.000881631,0.023446837,739.017,2136.474533
New York County,104957,6159,NY,1626159,New York,0.003787453,0.064542889,22.829,71232.16085
Wayne County,31708,153,MI,1775273,Michigan,8.61839E-05,0.017860915,553.087,225.2502771
Bexar County,33778,188,TX,1817610,Texas,0.000103433,0.018583745,1239.82,1466.027327
Broward County,57531,245,FL,1838844,Florida,0.000133236,0.031286504,1209.785,1519.975863
Santa Clara County,46020,6692,CA,1862041,California,0.003593906,0.024714816,1290.1,1443.33075
Tarrant County,38669,91,TX,1911541,Texas,4.76056E-05,0.020229229,863.608,2213.435957
Clark County,40813,322,NV,2027868,Nevada,0.000158787,0.020126063,372.855,302.9005914
King County,64005,2383,WA,2044449,Washington,0.001165595,0.031306724,2115.566,966.383937
San Bernardino County,32356,97,CA,2088371,California,4.64477E-05,0.015493416,20056.938,104.1221247
Riverside County,34706,69,CA,2292507,California,3.00981E-05,0.015138885,7206.48,318.1174443
Queens County,46414,55,NY,2296175,New York,2.39529E-05,0.020213616,108.532,21156.66347
Dallas County,62224,744,TX,2480331,Texas,0.00029996,0.025086974,978.695,42.91020185
Kings County,53123,339,NY,2592149,New York,0.00013078,0.020493806,1389.42,108.6496524
Miami-Dade County,78493,404,FL,2617176,Florida,0.000154365,0.029991487,1897.716,1379.118899
Orange County,89271,1261,CA,3114363,California,0.000404898,0.028664289,903.429,1356.240501
San Diego County,78212,1867,CA,3211252,California,0.000581393,0.02435561,4206.63,763.3787616
Maricopa County,85793,552,AZ,4009412,Arizona,0.000137676,0.021397901,9200.143,435.7988783
Harris County,95012,570,TX,4336853,Texas,0.000131432,0.021908052,1703.478,2545.881426
Cook County,129540,1431,IL,5240700,Illinois,0.000273055,0.024718072,945.326,5543.801821
Los Angeles County,252654,3356,CA,10017068,California,0.000335028,0.02522235,4057.884,2468.54469
